id,url,name_sv,name_sv + length,municipality,desc,length
21932,https://api.naturkartan.se/21932,"Siljansleden, Fryksås - Gammeldammen","Siljansleden, Fryksås - Gammeldammen 48.4 km",Orsa Municipality,vandringsled i Orsa kommun,"48.4"
18451,https://api.naturkartan.se/18451,"Vandringsstig, västra, Reivo","Vandringsstig, västra, Reivo 7.7 km",Arvidsjaur Municipality,vandringsled i Arvidsjaur kommun,"7.7"
17966,https://api.naturkartan.se/17966,"Vandringsstig Norra stigslingan, Kronogård","Vandringsstig Norra stigslingan, Kronogård 7.3 km",Jokkmokk Municipality,vandringsled i Jokkmokk kommun,"7.3"
17965,https://api.naturkartan.se/17965,"Vandringsstig Fyrhjulingsstig, Kronogård","Vandringsstig Fyrhjulingsstig, Kronogård 6.0 km",Jokkmokk Municipality,vandringsled i Jokkmokk kommun,"6.0"
17964,https://api.naturkartan.se/17964,"Vandringsstig Njallajávrre, Kronogård","Vandringsstig Njallajávrre, Kronogård 5.2 km",Jokkmokk Municipality,vandringsled i Jokkmokk kommun,"5.2"
12915,https://api.naturkartan.se/12915,Västra Laisvall-länsgränsen Västerbotten,Västra Laisvall-länsgränsen Västerbotten 23.0 km,Arjeplog Municipality,vandringsled i Arjeplog kommun,"23.0"
12912,https://api.naturkartan.se/12912,Ruonekjåhkå-Laisstugan-Nasafjäll,Ruonekjåhkå-Laisstugan-Nasafjäll 48.0 km,Arjeplog Municipality,vandringsled i Arjeplog kommun,"48.0"
12909,https://api.naturkartan.se/12909,Silvervägen/Guoledisjávrre-Guijaure-Vuoggatjålme,Silvervägen/Guoledisjávrre-Guijaure-Vuoggatjålme 52.0 km,Arjeplog Municipality,vandringsled i Arjeplog kommun,"52.0"
12908,https://api.naturkartan.se/12908,Silvervägen-Seldutvágge,Silvervägen-Seldutvágge 6.0 km,Arjeplog Municipality,vandringsled i Arjeplog kommun,"6.0"
12907,https://api.naturkartan.se/12907,Jurun-Vuoggatjålme,Jurun-Vuoggatjålme 27.0 km,Arjeplog Municipality,vandringsled i Arjeplog kommun,"27.0"
4454,https://api.naturkartan.se/4454,"Björnberget, omarkerad vandringsled","Björnberget, omarkerad vandringsled 12.0 km",Vilhelmina Municipality,vandringsled i Vilhelmina kommun,"12.0"
129379,https://api.naturkartan.se/129379,Karlbergsleden,Karlbergsleden 15.2 km,Piteå Municipality,vandringsled i Piteå kommun,"15.2"
129275,https://api.naturkartan.se/129275,Sandtjärnsrundan,Sandtjärnsrundan 6.8 km,Åre Municipality,vandringsled i Åre kommun,"6.8"
129116,https://api.naturkartan.se/129116,Norra Mjällåslingan,Norra Mjällåslingan 9.3 km,Timrå Municipality,vandringsled i Timrå kommun,"9.3"
129093,https://api.naturkartan.se/129093,SCA-spåret,SCA-spåret 9.9 km,Piteå Municipality,vandringsled i Piteå kommun,"9.9"
128884,https://api.naturkartan.se/128884,Arkeologstigen,Arkeologstigen 7.8 km,Piteå Municipality,vandringsled i Piteå kommun,"7.8"
128531,https://api.naturkartan.se/128531,Vandringsstig Sandängesstranden,Vandringsstig Sandängesstranden 5.4 km,Piteå Municipality,vandringsled i Piteå kommun,"5.4"
127112,https://api.naturkartan.se/127112,SCA-spåret långa banan,SCA-spåret långa banan 8.1 km,Piteå Municipality,vandringsled i Piteå kommun,"8.1"
126975,https://api.naturkartan.se/126975,Solanderleden Etapp 20,Solanderleden Etapp 20 9.7 km,Luleå Municipality,vandringsled i Luleå kommun,"9.7"
126974,https://api.naturkartan.se/126974,Solanderleden Etapp 19,Solanderleden Etapp 19 6.1 km,Luleå Municipality,vandringsled i Luleå kommun,"6.1"
126973,https://api.naturkartan.se/126973,Fäbodaleden Antnäs,Fäbodaleden Antnäs 14.1 km,Luleå Municipality,vandringsled i Luleå kommun,"14.1"
126972,https://api.naturkartan.se/126972,Solanderleden etapp 18,Solanderleden etapp 18 18.0 km,Piteå Municipality,vandringsled i Piteå kommun,"18.0"
126971,https://api.naturkartan.se/126971,Solanderleden etapp 17 Rosfors ekopark,Solanderleden etapp 17 Rosfors ekopark 10.1 km,Piteå Municipality,vandringsled i Piteå kommun,"10.1"
126826,https://api.naturkartan.se/126826,Storforsen Nature trails Älven,Storforsen Nature trails Älven 5.4 km,Älvsbyn Municipality,vandringsled i Älvsbyn kommun,"5.4"
126825,https://api.naturkartan.se/126825,Storforsen Nature Trails Brudforsen,Storforsen Nature Trails Brudforsen 5.0 km,Älvsbyn Municipality,vandringsled i Älvsbyn kommun,"5.0"
126819,https://api.naturkartan.se/126819,Storforsen Byaled,Storforsen Byaled 8.6 km,Älvsbyn Municipality,vandringsled i Älvsbyn kommun,"8.6"
126798,https://api.naturkartan.se/126798,Vandringsstig Vargön,Vandringsstig Vargön 9.4 km,Piteå Municipality,vandringsled i Piteå kommun,"9.4"
126406,https://api.naturkartan.se/126406,Natur & kulturstig Rörbäcksnäs,Natur & kulturstig Rörbäcksnäs 6.1 km,Malung-Sälen Municipality,vandringsled i Sälen (Malung-Sälen) kommun,"6.1"
126404,https://api.naturkartan.se/126404,Klövjestigen Rörbäcksnäs - Kinnvallsjösätra,Klövjestigen Rörbäcksnäs - Kinnvallsjösätra 15.6 km,Malung-Sälen Municipality,vandringsled i Sälen (Malung-Sälen) kommun,"15.6"
126257,https://api.naturkartan.se/126257,Motionsslingan Kläppen,Motionsslingan Kläppen 6.7 km,Malung-Sälen Municipality,vandringsled i Sälen (Malung-Sälen) kommun,"6.7"
125344,https://api.naturkartan.se/125344,Högfjällsturen,Högfjällsturen 17.5 km,Malung-Sälen Municipality,vandringsled i Sälen (Malung-Sälen) kommun,"17.5"
125332,https://api.naturkartan.se/125332,"Hälsans stig, Nordmaling","Hälsans stig, Nordmaling 8.3 km",Nordmaling Municipality,vandringsled i Nordmaling kommun,"8.3"
125299,https://api.naturkartan.se/125299,Granfjällssätern,Granfjällssätern 15.5 km,Malung-Sälen Municipality,vandringsled i Sälen (Malung-Sälen) kommun,"15.5"
125233,https://api.naturkartan.se/125233,Tjärnheden Eljjusspår,Tjärnheden Eljjusspår 5.4 km,Malung-Sälen Municipality,vandringsled i Sälen (Malung-Sälen) kommun,"5.4"
125175,https://api.naturkartan.se/125175,Södra Hemfjällssturen,Södra Hemfjällssturen 10.9 km,Malung-Sälen Municipality,vandringsled i Sälen (Malung-Sälen) kommun,"10.9"
125003,https://api.naturkartan.se/125003,Hemfjällstangen - Mellanfjällsstugan t.o.r.,Hemfjällstangen - Mellanfjällsstugan t.o.r. 5.4 km,Malung-Sälen Municipality,vandringsled i Sälen (Malung-Sälen) kommun,"5.4"
124955,https://api.naturkartan.se/124955,Lördagsgraven,Lördagsgraven 16.8 km,Malung-Sälen Municipality,vandringsled i Sälen (Malung-Sälen) kommun,"16.8"
124495,https://api.naturkartan.se/124495,Gruvstigen,Gruvstigen 18.0 km,Skellefteå Municipality,vandringsled i Skellefteå kommun,"18.0"
124493,https://api.naturkartan.se/124493,Risåleden,Risåleden 5.0 km,Skellefteå Municipality,vandringsled i Skellefteå kommun,"5.0"
124450,https://api.naturkartan.se/124450,Nasaleden,Nasaleden 82.0 km,Skellefteå Municipality,vandringsled i Skellefteå kommun,"82.0"
124447,https://api.naturkartan.se/124447,Brännvattnets naturstigar,Brännvattnets naturstigar 8.0 km,Skellefteå Municipality,vandringsled i Skellefteå kommun,"8.0"
124446,https://api.naturkartan.se/124446,Kraftleden,Kraftleden 18.0 km,Skellefteå Municipality,vandringsled i Skellefteå kommun,"18.0"
124443,https://api.naturkartan.se/124443,Kalvträsklederna,Kalvträsklederna 50.0 km,Skellefteå Municipality,vandringsled i Skellefteå kommun,"50.0"
124437,https://api.naturkartan.se/124437,Klintleden,Klintleden 8.0 km,Skellefteå Municipality,vandringsled i Skellefteå kommun,"8.0"
124435,https://api.naturkartan.se/124435,Flottarstigen Sikån,Flottarstigen Sikån 22.0 km,Skellefteå Municipality,vandringsled i Skellefteå kommun,"22.0"
124432,https://api.naturkartan.se/124432,Mineralleden,Mineralleden 16.0 km,Skellefteå Municipality,vandringsled i Skellefteå kommun,"16.0"
123303,https://api.naturkartan.se/123303,"Älvslingan, 6,5 km, Kläppen","Älvslingan, 6,5 km, Kläppen 6.5 km",Malung-Sälen Municipality,vandringsled i Sälen (Malung-Sälen) kommun,"6.5"
123276,https://api.naturkartan.se/123276,Stöttingfjället Vandringsled Alsberget runt,Stöttingfjället Vandringsled Alsberget runt  11.6 km,Vilhelmina Municipality,vandringsled i Vilhelmina kommun,"11.6"
123217,https://api.naturkartan.se/123217,"Östfjällsstugan t.o.r., Lindvallen","Östfjällsstugan t.o.r., Lindvallen 21.0 km",Malung-Sälen Municipality,vandringsled i Sälen (Malung-Sälen) kommun,"21.0"
123200,https://api.naturkartan.se/123200,"Barmarksled, Änga-Tjännåsen","Barmarksled, Änga-Tjännåsen 11.1 km",Hudiksvall Municipality,vandringsled i Hudiksvall kommun,"11.1"
123197,https://api.naturkartan.se/123197,"Barmarksled, Stora Korpimäki","Barmarksled, Stora Korpimäki 22.0 km",Ljusdal Municipality,vandringsled i Ljusdal kommun,"22.0"
121304,https://api.naturkartan.se/121304,Vandringsleden i Vuono,Vandringsleden i Vuono 15.0 km,Haparanda Municipality,vandringsled i Haparanda kommun,"15.0"
114964,https://api.naturkartan.se/114964,Gamla Lillfjätvägen,Gamla Lillfjätvägen 6.1 km,Älvdalen Municipality,vandringsled i Älvdalen kommun,"6.1"
114924,https://api.naturkartan.se/114924,Stöten - Närfjällsstugan,Stöten - Närfjällsstugan 5.7 km,Malung-Sälen Municipality,vandringsled i Sälen (Malung-Sälen) kommun,"5.7"
99637,https://api.naturkartan.se/99637,Eggaspåret 30 km,Eggaspåret 30 km 8.6 km,Ovanåker Municipality,vandringsled i Ovanåker kommun,"8.6"
95791,https://api.naturkartan.se/95791,"Reflexbana 5,5km - Gul","Reflexbana 5,5km - Gul 5.5 km",Söderhamn Municipality,vandringsled i Söderhamn kommun,"5.5"
95773,https://api.naturkartan.se/95773,Vadslingan,Vadslingan 7.5 km,Söderhamn Municipality,vandringsled i Söderhamn kommun,"7.5"
95771,https://api.naturkartan.se/95771,Stormorstrailen,Stormorstrailen 8.0 km,Söderhamn Municipality,vandringsled i Söderhamn kommun,"8.0"
95743,https://api.naturkartan.se/95743,Mostigen,Mostigen 14.0 km,Söderhamn Municipality,vandringsled i Söderhamn kommun,"14.0"
94071,https://api.naturkartan.se/94071,Vårdbergsleden Vårdberget-Skatrevet,Vårdbergsleden Vårdberget-Skatrevet 6.4 km,Söderhamn Municipality,vandringsled i Söderhamn kommun,"6.4"
94070,https://api.naturkartan.se/94070,"Vårdbergsleden, Fridsbacka-Vårdberget","Vårdbergsleden, Fridsbacka-Vårdberget 8.9 km",Söderhamn Municipality,vandringsled i Söderhamn kommun,"8.9"
93427,https://api.naturkartan.se/93427,Turförslag Nysjön-Kurberget (2 dagar),Turförslag Nysjön-Kurberget (2 dagar) 32.2 km,Falun Municipality,vandringsled i Falun kommun,"32.2"
89886,https://api.naturkartan.se/89886,"Fäbodslingan, 10.5 km, Skålsjögården","Fäbodslingan, 10.5 km, Skålsjögården 10.5 km",Ovanåker Municipality,vandringsled i Ovanåker kommun,"10.5"
89166,https://api.naturkartan.se/89166,Södra Sytertoppen,Södra Sytertoppen 24.0 km,Storuman Municipality,vandringsled i Storuman kommun,"24.0"
89126,https://api.naturkartan.se/89126,RÖNÄS-RÖSSVATTNET – GRÄNSLEDEN,RÖNÄS-RÖSSVATTNET – GRÄNSLEDEN 15.0 km,Storuman Municipality,vandringsled i Storuman kommun,"15.0"
88582,https://api.naturkartan.se/88582,Tre Vikar,Tre Vikar 12.1 km,Haparanda Municipality,vandringsled i Haparanda kommun,"12.1"
84384,https://api.naturkartan.se/84384,"Blomsterstigen (vandringsled, Storlien)","Blomsterstigen (vandringsled, Storlien) 6.4 km",Åre Municipality,vandringsled i Åre kommun,"6.4"
83637,https://api.naturkartan.se/83637,"Silverfallet (vandringsled, Enafors)","Silverfallet (vandringsled, Enafors) 5.0 km",Åre Municipality,vandringsled i Åre kommun,"5.0"
74988,https://api.naturkartan.se/74988,Hälsans stig – Skelleftehamn,Hälsans stig – Skelleftehamn 5.1 km,Skellefteå Municipality,vandringsled i Skellefteå kommun,"5.1"
74987,https://api.naturkartan.se/74987,Hälsans stig – Kåge,Hälsans stig – Kåge 5.0 km,Skellefteå Municipality,vandringsled i Skellefteå kommun,"5.0"
74263,https://api.naturkartan.se/74263,Byarna runt Junsele,Byarna runt Junsele 23.0 km,Sollefteå Municipality,vandringsled i Sollefteå kommun,"23.0"
73530,https://api.naturkartan.se/73530,"Sommar- och vinterled, Fulufjället","Sommar- och vinterled, Fulufjället 10.0 km",Älvdalen Municipality,vandringsled i Älvdalen kommun,"10.0"
73525,https://api.naturkartan.se/73525,"Sommarled, Fulufjället","Sommarled, Fulufjället 6.6 km",Älvdalen Municipality,vandringsled i Älvdalen kommun,"6.6"
73391,https://api.naturkartan.se/73391,Runt Lilla Rörsjön,Runt Lilla Rörsjön 9.0 km,Älvdalen Municipality,vandringsled i Älvdalen kommun,"9.0"
70724,https://api.naturkartan.se/70724,Björkvall,Björkvall 6.3 km,Ljusdal Municipality,vandringsled i Ljusdal kommun,"6.3"
70723,https://api.naturkartan.se/70723,Mållång,Mållång 5.4 km,Ljusdal Municipality,vandringsled i Ljusdal kommun,"5.4"
70720,https://api.naturkartan.se/70720,"Lesatten, Ramsjö","Lesatten, Ramsjö 7.1 km",Ljusdal Municipality,vandringsled i Ljusdal kommun,"7.1"
70719,https://api.naturkartan.se/70719,"Byrundan & elljusspår, Kårböle","Byrundan & elljusspår, Kårböle 6.0 km",Ljusdal Municipality,vandringsled i Ljusdal kommun,"6.0"
70718,https://api.naturkartan.se/70718,Nötbergstoppen,Nötbergstoppen 7.0 km,Ljusdal Municipality,vandringsled i Ljusdal kommun,"7.0"
70717,https://api.naturkartan.se/70717,Långrundan Kårböle,Långrundan Kårböle 18.0 km,Ljusdal Municipality,vandringsled i Ljusdal kommun,"18.0"
70714,https://api.naturkartan.se/70714,Kajevallsleden,Kajevallsleden 24.0 km,Ljusdal Municipality,vandringsled i Ljusdal kommun,"24.0"
70711,https://api.naturkartan.se/70711,"Byrundan Kårböle, långa","Byrundan Kårböle, långa 5.0 km",Ljusdal Municipality,vandringsled i Ljusdal kommun,"5.0"
70710,https://api.naturkartan.se/70710,Byrundan Kårböle,Byrundan Kårböle 5.0 km,Ljusdal Municipality,vandringsled i Ljusdal kommun,"5.0"
70707,https://api.naturkartan.se/70707,Vallåsenleden,Vallåsenleden 10.0 km,Ljusdal Municipality,vandringsled i Ljusdal kommun,"10.0"
70706,https://api.naturkartan.se/70706,Prästvägen,Prästvägen 7.0 km,Ljusdal Municipality,vandringsled i Ljusdal kommun,"7.0"
70705,https://api.naturkartan.se/70705,Toppleden Färila,Toppleden Färila 6.0 km,Ljusdal Municipality,vandringsled i Ljusdal kommun,"6.0"
70704,https://api.naturkartan.se/70704,Ljusnanleden och Flottarstigen,Ljusnanleden och Flottarstigen 71.0 km,Ljusdal Municipality,vandringsled i Ljusdal kommun,"71.0"
69398,https://api.naturkartan.se/69398,"Vandringsstig Bergmyran, Gallejaur","Vandringsstig Bergmyran, Gallejaur 6.0 km",Arvidsjaur Municipality,vandringsled i Arvidsjaur kommun,"6.0"
69349,https://api.naturkartan.se/69349,Lillfjällsleden,Lillfjällsleden 14.3 km,Dorotea Municipality,vandringsled i Dorotea kommun,"14.3"
66765,https://api.naturkartan.se/66765,Foskdalsvallen-Ulandsstugan,Foskdalsvallen-Ulandsstugan 9.7 km,Älvdalen Municipality,vandringsled i Älvdalen kommun,"9.7"
66761,https://api.naturkartan.se/66761,Storvätteshågna västerifrån,Storvätteshågna västerifrån 7.9 km,Älvdalen Municipality,vandringsled i Älvdalen kommun,"7.9"
66063,https://api.naturkartan.se/66063,Gränjåsvallen-Nipstugan,Gränjåsvallen-Nipstugan 7.4 km,Älvdalen Municipality,vandringsled i Älvdalen kommun,"7.4"
66060,https://api.naturkartan.se/66060,Klutsjön-Ulandsstugan,Klutsjön-Ulandsstugan 16.8 km,Älvdalen Municipality,vandringsled i Älvdalen kommun,"16.8"
66015,https://api.naturkartan.se/66015,Enåleden (Springkälleleden),Enåleden (Springkälleleden) 5.2 km,Rättvik Municipality,vandringsled i Rättvik kommun,"5.2"
65987,https://api.naturkartan.se/65987,Silverfallet rundslinga,Silverfallet rundslinga 5.4 km,Älvdalen Municipality,vandringsled i Älvdalen kommun,"5.4"
65983,https://api.naturkartan.se/65983,Storvätteshågna österifrån,Storvätteshågna österifrån 5.1 km,Älvdalen Municipality,vandringsled i Älvdalen kommun,"5.1"
65980,https://api.naturkartan.se/65980,Foskdalen-Lövåsen,Foskdalen-Lövåsen 7.1 km,Älvdalen Municipality,vandringsled i Älvdalen kommun,"7.1"
65972,https://api.naturkartan.se/65972,Spångkojan-Töfsingen,Spångkojan-Töfsingen 8.3 km,Älvdalen Municipality,vandringsled i Älvdalen kommun,"8.3"
65968,https://api.naturkartan.se/65968,Storåleden,Storåleden 14.3 km,Älvdalen Municipality,vandringsled i Älvdalen kommun,"14.3"
65965,https://api.naturkartan.se/65965,Storvätteshågna norrifrån,Storvätteshågna norrifrån 7.3 km,Älvdalen Municipality,vandringsled i Älvdalen kommun,"7.3"
65963,https://api.naturkartan.se/65963,Storvätteshågna söderifrån,Storvätteshågna söderifrån 9.4 km,Älvdalen Municipality,vandringsled i Älvdalen kommun,"9.4"
65951,https://api.naturkartan.se/65951,Sylen-Hävlingen,Sylen-Hävlingen 6.1 km,Älvdalen Municipality,vandringsled i Älvdalen kommun,"6.1"
65945,https://api.naturkartan.se/65945,Lövåsen - Foskros,Lövåsen - Foskros 15.5 km,Älvdalen Municipality,vandringsled i Älvdalen kommun,"15.5"
65898,https://api.naturkartan.se/65898,Nipfjället runt,Nipfjället runt 18.0 km,Älvdalen Municipality,vandringsled i Älvdalen kommun,"18.0"
65896,https://api.naturkartan.se/65896,"Barmarksled, Tjåberget","Barmarksled, Tjåberget 5.3 km",Orsa Municipality,vandringsled i Orsa kommun,"5.3"
65867,https://api.naturkartan.se/65867,Sälenringen,Sälenringen 36.8 km,Malung-Sälen Municipality,vandringsled i Sälen (Malung-Sälen) kommun,"36.8"
65866,https://api.naturkartan.se/65866,Norra Sälenringen,Norra Sälenringen 28.3 km,Malung-Sälen Municipality,vandringsled i Sälen (Malung-Sälen) kommun,"28.3"
65856,https://api.naturkartan.se/65856,Drevdagen - Flötningen,Drevdagen - Flötningen 15.9 km,Älvdalen Municipality,vandringsled i Älvdalen kommun,"15.9"
65052,https://api.naturkartan.se/65052,"Längdåkning OK Forsarna, 8:an","Längdåkning OK Forsarna, 8:an 7.7 km",Ragunda Municipality,vandringsled i Ragunda kommun,"7.7"
65024,https://api.naturkartan.se/65024,"Vandringsled Gulmålestigen, Ammer","Vandringsled Gulmålestigen, Ammer 6.6 km",Ragunda Municipality,vandringsled i Ragunda kommun,"6.6"
65022,https://api.naturkartan.se/65022,"Vandringsled Rödsandberget, Ammer","Vandringsled Rödsandberget, Ammer  7.0 km",Ragunda Municipality,vandringsled i Ragunda kommun,"7.0"
64874,https://api.naturkartan.se/64874,"Vandringsled Pilgrimsleden, Krångede","Vandringsled Pilgrimsleden, Krångede  5.2 km",Ragunda Municipality,vandringsled i Ragunda kommun,"5.2"
64872,https://api.naturkartan.se/64872,"Vandringsled Borgsjön runt, Borgvattnet","Vandringsled Borgsjön runt, Borgvattnet 12.1 km",Ragunda Municipality,vandringsled i Ragunda kommun,"12.1"
64869,https://api.naturkartan.se/64869,"Vandringsled Järåstigen, Bispgården","Vandringsled Järåstigen, Bispgården 5.6 km",Ragunda Municipality,vandringsled i Ragunda kommun,"5.6"
64851,https://api.naturkartan.se/64851,Vandringsled Kullsta fäbodar Hammarstrand,Vandringsled Kullsta fäbodar Hammarstrand 16.0 km,Ragunda Municipality,vandringsled i Ragunda kommun,"16.0"
62081,https://api.naturkartan.se/62081,"Vandringsled Älvleden, Stugun","Vandringsled Älvleden, Stugun 9.8 km",Ragunda Municipality,vandringsled i Ragunda kommun,"9.8"
62080,https://api.naturkartan.se/62080,"Vandringsled Vågenleden, Stugun","Vandringsled Vågenleden, Stugun  8.8 km",Ragunda Municipality,vandringsled i Ragunda kommun,"8.8"
62079,https://api.naturkartan.se/62079,"Vandringsled Byleden, Stugun","Vandringsled Byleden, Stugun  6.5 km",Ragunda Municipality,vandringsled i Ragunda kommun,"6.5"
58134,https://api.naturkartan.se/58134,Stekenjokkvägen - Tjåkkelestugan,Stekenjokkvägen - Tjåkkelestugan 18.7 km,Vilhelmina Municipality,vandringsled i Vilhelmina kommun,"18.7"
57050,https://api.naturkartan.se/57050,"Gröntjärnsslingan 7,5 km","Gröntjärnsslingan 7,5 km 7.5 km",Hudiksvall Municipality,vandringsled i Hudiksvall kommun,"7.5"
54081,https://api.naturkartan.se/54081,Pilgrimsleden Skålsjön-Älvkarhed,Pilgrimsleden Skålsjön-Älvkarhed 21.0 km,Ovanåker Municipality,vandringsled i Ovanåker kommun,"21.0"
53446,https://api.naturkartan.se/53446,Stigen till Rången via Mejerstjärn,Stigen till Rången via Mejerstjärn 8.1 km,Ånge Municipality,vandringsled i Ånge kommun,"8.1"
52643,https://api.naturkartan.se/52643,Naturstigen Junsele,Naturstigen Junsele 9.1 km,Sollefteå Municipality,vandringsled i Sollefteå kommun,"9.1"
52629,https://api.naturkartan.se/52629,Fäbostigen vandring,Fäbostigen vandring 10.0 km,Sollefteå Municipality,vandringsled i Sollefteå kommun,"10.0"
52000,https://api.naturkartan.se/52000,Multråberget,Multråberget 5.0 km,Sollefteå Municipality,vandringsled i Sollefteå kommun,"5.0"
51516,https://api.naturkartan.se/51516,"Promenadslinga Ljungaverk 5,3 km","Promenadslinga Ljungaverk 5,3 km  5.3 km",Ånge Municipality,vandringsled i Ånge kommun,"5.3"
35143,https://api.naturkartan.se/35143,"Barmarksled, Hamra","Barmarksled, Hamra 10.0 km",Ljusdal Municipality,vandringsled i Ljusdal kommun,"10.0"
35016,https://api.naturkartan.se/35016,"Barmarksled, Icktjärnsberget","Barmarksled, Icktjärnsberget 5.1 km",Kramfors Municipality,vandringsled i Kramfors kommun,"5.1"
34184,https://api.naturkartan.se/34184,Stigslinga i reservatet,Stigslinga i reservatet 5.7 km,Ånge Municipality,vandringsled i Ånge kommun,"5.7"
33918,https://api.naturkartan.se/33918,Jämtgaveln runt,Jämtgaveln runt 19.0 km,Ånge Municipality,vandringsled i Ånge kommun,"19.0"
33914,https://api.naturkartan.se/33914,Övriga stigar,Övriga stigar 5.6 km,Ånge Municipality,vandringsled i Ånge kommun,"5.6"
33776,https://api.naturkartan.se/33776,"Barmarksled, Vällingsjö urskog","Barmarksled, Vällingsjö urskog 5.9 km",Sollefteå Municipality,vandringsled i Sollefteå kommun,"5.9"
33579,https://api.naturkartan.se/33579,"Barmarksled, Skuleberget","Barmarksled, Skuleberget 5.5 km",Kramfors Municipality,vandringsled i Kramfors kommun,"5.5"
33538,https://api.naturkartan.se/33538,"Barmarksled, Rotsidan","Barmarksled, Rotsidan 5.5 km",Kramfors Municipality,vandringsled i Kramfors kommun,"5.5"
27957,https://api.naturkartan.se/27957,Umasjö - Jirestugan - Glimmerstugan,Umasjö - Jirestugan - Glimmerstugan 11.5 km,Storuman Municipality,vandringsled i Storuman kommun,"11.5"
27940,https://api.naturkartan.se/27940,Borkasjö - Blerikstugan - Kittelfjäll,Borkasjö - Blerikstugan - Kittelfjäll 31.4 km,Vilhelmina Municipality,vandringsled i Vilhelmina kommun,"31.4"
27939,https://api.naturkartan.se/27939,Fatmomakke - Marsfjällskåtan - Marsfjällets topp,Fatmomakke - Marsfjällskåtan - Marsfjällets topp 12.5 km,Vilhelmina Municipality,vandringsled i Vilhelmina kommun,"12.5"
27895,https://api.naturkartan.se/27895,Fatmomakke - Marsfjällskåtan - Blerikstugan - Fatmomakke,Fatmomakke - Marsfjällskåtan - Blerikstugan - Fatmomakke 34.9 km,Vilhelmina Municipality,vandringsled i Vilhelmina kommun,"34.9"
27891,https://api.naturkartan.se/27891,Kittelfjäll - Blerikstugan,Kittelfjäll - Blerikstugan 11.7 km,Vilhelmina Municipality,vandringsled i Vilhelmina kommun,"11.7"
27882,https://api.naturkartan.se/27882,Forsmark - Lappstugan - Matsdal,Forsmark - Lappstugan - Matsdal 16.9 km,Vilhelmina Municipality,vandringsled i Vilhelmina kommun,"16.9"
26122,https://api.naturkartan.se/26122,Svågaleden delsträcka,Svågaleden delsträcka 9.8 km,Hudiksvall Municipality,vandringsled i Hudiksvall kommun,"9.8"
25315,https://api.naturkartan.se/25315,Vandringsled Stor-Bränntjärnmyran,Vandringsled Stor-Bränntjärnmyran 6.8 km,Vindeln Municipality,vandringsled i Vindeln kommun,"6.8"
24789,https://api.naturkartan.se/24789,Tärnaleden från Tärnaby Fjällhotell via Tärnaby Camping och Solberg - anslutningsled till Kungsleden,Tärnaleden från Tärnaby Fjällhotell via Tärnaby Camping och Solberg - anslutningsled till Kungsleden 7.5 km,Storuman Municipality,vandringsled i Storuman kommun,"7.5"
24100,https://api.naturkartan.se/24100,Rundtur Syterbäcken,Rundtur Syterbäcken 10.0 km,Storuman Municipality,vandringsled i Storuman kommun,"10.0"
23155,https://api.naturkartan.se/23155,Hälsans stig,Hälsans stig 6.6 km,Östersund Municipality,vandringsled i Östersund kommun,"6.6"
22602,https://api.naturkartan.se/22602,Gammelskogsturen Valmen - Nyvallen,Gammelskogsturen Valmen - Nyvallen 6.7 km,Härjedalen Municipality,vandringsled i Härjedalen kommun,"6.7"
22452,https://api.naturkartan.se/22452,Klinken - Långbrottsjön - Fjällnäs,Klinken - Långbrottsjön - Fjällnäs 17.1 km,Härjedalen Municipality,vandringsled i Härjedalen kommun,"17.1"
22451,https://api.naturkartan.se/22451,Tänndalen - Skedbrostugan,Tänndalen - Skedbrostugan 19.7 km,Härjedalen Municipality,vandringsled i Härjedalen kommun,"19.7"
22450,https://api.naturkartan.se/22450,Skedbrostugan - Reva (Norska gränsen),Skedbrostugan - Reva (Norska gränsen) 5.2 km,Härjedalen Municipality,vandringsled i Härjedalen kommun,"5.2"
22446,https://api.naturkartan.se/22446,Svansjökläppen - Rödfjället,Svansjökläppen - Rödfjället 13.4 km,Härjedalen Municipality,vandringsled i Härjedalen kommun,"13.4"
22445,https://api.naturkartan.se/22445,Bruksvallarna - Fjällnäs,Bruksvallarna - Fjällnäs 15.1 km,Härjedalen Municipality,vandringsled i Härjedalen kommun,"15.1"
22444,https://api.naturkartan.se/22444,Ramundberget - Ösjöstugan - Svalåtjärn - Tänndalen,Ramundberget - Ösjöstugan - Svalåtjärn - Tänndalen 21.5 km,Härjedalen Municipality,vandringsled i Härjedalen kommun,"21.5"
22443,https://api.naturkartan.se/22443,Långbrottsjön - Bruksvallarna,Långbrottsjön - Bruksvallarna 9.6 km,Härjedalen Municipality,vandringsled i Härjedalen kommun,"9.6"
22442,https://api.naturkartan.se/22442,Skenörsfjället - Hamrafjället,Skenörsfjället - Hamrafjället 6.2 km,Härjedalen Municipality,vandringsled i Härjedalen kommun,"6.2"
22342,https://api.naturkartan.se/22342,Vikhammer - Nidarosdomen,Vikhammer - Nidarosdomen 10.0 km,Trondheim municipality,vandringsled i Trondheim kommun,"10.0"
22341,https://api.naturkartan.se/22341,Nyhus - Vikhammer,Nyhus - Vikhammer 19.0 km,Trondheim municipality,vandringsled i Trondheim kommun,"19.0"
22125,https://api.naturkartan.se/22125,"Åre - Tännforsen, vandring","Åre - Tännforsen, vandring 21.7 km",Åre Municipality,vandringsled i Åre kommun,"21.7"
21250,https://api.naturkartan.se/21250,"Medstugan - Skalstugan, vandring","Medstugan - Skalstugan, vandring 10.6 km",Åre Municipality,vandringsled i Åre kommun,"10.6"
21249,https://api.naturkartan.se/21249,"Pilgrimstad - Brunflo, vandring","Pilgrimstad - Brunflo, vandring 22.6 km",Bräcke Municipality,vandringsled i Bräcke kommun,"22.6"
21212,https://api.naturkartan.se/21212,"Hålland - Åre, vandring","Hålland - Åre, vandring 25.3 km",Åre Municipality,vandringsled i Åre kommun,"25.3"
21208,https://api.naturkartan.se/21208,"Mörsil - Hålland, vandring","Mörsil - Hålland, vandring 19.1 km",Åre Municipality,vandringsled i Åre kommun,"19.1"
21198,https://api.naturkartan.se/21198,"Alsen - Mörsil, vandring","Alsen - Mörsil, vandring 25.7 km",Åre Municipality,vandringsled i Åre kommun,"25.7"
21195,https://api.naturkartan.se/21195,"Rödön - Nälden, vandring","Rödön - Nälden, vandring 18.1 km",Krokom Municipality,vandringsled i Krokom kommun,"18.1"
21189,https://api.naturkartan.se/21189,"Östersund - Rödön, vandring","Östersund - Rödön, vandring 19.5 km",Krokom Municipality,vandringsled i Krokom kommun,"19.5"
21188,https://api.naturkartan.se/21188,"Brunflo - Östersund, vandring","Brunflo - Östersund, vandring 14.8 km",Östersund Municipality,vandringsled i Östersund kommun,"14.8"
21186,https://api.naturkartan.se/21186,"Gällö - Pilgrimstad, vandring","Gällö - Pilgrimstad, vandring 19.4 km",Bräcke Municipality,vandringsled i Bräcke kommun,"19.4"
21178,https://api.naturkartan.se/21178,"Bräcke - Gällö, vandring","Bräcke - Gällö, vandring 27.6 km",Bräcke Municipality,vandringsled i Bräcke kommun,"27.6"
21177,https://api.naturkartan.se/21177,"Länsgränsen - Bräcke, vandring","Länsgränsen - Bräcke, vandring 19.6 km",Ånge Municipality,vandringsled i Ånge kommun,"19.6"
21170,https://api.naturkartan.se/21170,Matfors - Stöde,Matfors - Stöde 26.6 km,Sundsvall Municipality,vandringsled i Sundsvall kommun,"26.6"
21169,https://api.naturkartan.se/21169,Selånger - Matfors,Selånger - Matfors 17.4 km,Sundsvall Municipality,vandringsled i Sundsvall kommun,"17.4"
20276,https://api.naturkartan.se/20276,Gördalen - Brottbäcksstugan,Gördalen - Brottbäcksstugan 18.7 km,Älvdalen Municipality,vandringsled i Älvdalen kommun,"18.7"
20275,https://api.naturkartan.se/20275,Drevdagen - Gördalen,Drevdagen - Gördalen 44.4 km,Älvdalen Municipality,vandringsled i Älvdalen kommun,"44.4"
19796,https://api.naturkartan.se/19796,"Sylarna-Blåhammaren, Jämtlandstriangeln","Sylarna-Blåhammaren, Jämtlandstriangeln 18.1 km",Åre Municipality,vandringsled i Åre kommun,"18.1"
19792,https://api.naturkartan.se/19792,"Storulvån-Sylarna, Jämtlandstriangeln","Storulvån-Sylarna, Jämtlandstriangeln 15.9 km",Åre Municipality,vandringsled i Åre kommun,"15.9"
19788,https://api.naturkartan.se/19788,"Blåhammaren - Storulvån, Jämtlandstriangeln","Blåhammaren - Storulvån, Jämtlandstriangeln 12.0 km",Åre Municipality,vandringsled i Åre kommun,"12.0"
18456,https://api.naturkartan.se/18456,"Vandringsstig Kyrkstigen, Reivo","Vandringsstig Kyrkstigen, Reivo 11.0 km",Arvidsjaur Municipality,vandringsled i Arvidsjaur kommun,"11.0"
18015,https://api.naturkartan.se/18015,"Vandringsstig Roanntjájaure, Serri","Vandringsstig Roanntjájaure, Serri 6.0 km",Jokkmokk Municipality,vandringsled i Jokkmokk kommun,"6.0"
17341,https://api.naturkartan.se/17341,"Ammarnäs-Långflytje, Ammarnäs närleder","Ammarnäs-Långflytje, Ammarnäs närleder 8.5 km",Sorsele Municipality,vandringsled i Sorsele kommun,"8.5"
17333,https://api.naturkartan.se/17333,"Dåruotjåhkka-Sorgestjärnarna-Årjiele Biergienas, Ammarnäs närleder","Dåruotjåhkka-Sorgestjärnarna-Årjiele Biergienas, Ammarnäs närleder 8.3 km",Sorsele Municipality,vandringsled i Sorsele kommun,"8.3"
17332,https://api.naturkartan.se/17332,"Biergienas-Dávtájávrrie, Ammarnäs närleder","Biergienas-Dávtájávrrie, Ammarnäs närleder 6.2 km",Sorsele Municipality,vandringsled i Sorsele kommun,"6.2"
17075,https://api.naturkartan.se/17075,"Vandringsstig motionsspår 5 km, Vittjåkk-Akkanålke","Vandringsstig motionsspår 5 km, Vittjåkk-Akkanålke 5.0 km",Arvidsjaur Municipality,vandringsled i Arvidsjaur kommun,"5.0"
17074,https://api.naturkartan.se/17074,"Vandringsstig motionsspår 15 km, Vittjåkk-Akkanålke","Vandringsstig motionsspår 15 km, Vittjåkk-Akkanålke 15.0 km",Arvidsjaur Municipality,vandringsled i Arvidsjaur kommun,"15.0"
17016,https://api.naturkartan.se/17016,"Tysjöarna, vandringsled","Tysjöarna, vandringsled 8.9 km",Krokom Municipality,vandringsled i Krokom kommun,"8.9"
14218,https://api.naturkartan.se/14218,"Småfjällen-Gieråjvvie-Stabburet-Rävfallsstugan-Aitenjas-Guolets, Närleder Ammarnäs","Småfjällen-Gieråjvvie-Stabburet-Rävfallsstugan-Aitenjas-Guolets, Närleder Ammarnäs 44.5 km",Sorsele Municipality,vandringsled i Sorsele kommun,"44.5"
14113,https://api.naturkartan.se/14113,Kraddsele -Gubmie,Kraddsele -Gubmie 13.3 km,Sorsele Municipality,vandringsled i Sorsele kommun,"13.3"
14066,https://api.naturkartan.se/14066,"Tjulträsk-Gáisátj-Vállienjuoná-Karsbäcken, Närleder Ammarnäs","Tjulträsk-Gáisátj-Vállienjuoná-Karsbäcken, Närleder Ammarnäs 21.6 km",Sorsele Municipality,vandringsled i Sorsele kommun,"21.6"
14050,https://api.naturkartan.se/14050,"Aigertstugan-Juovatjåhkka-Vuomatjåhkka-Tjulträsken-Tjulån, Närleder Ammarnäs","Aigertstugan-Juovatjåhkka-Vuomatjåhkka-Tjulträsken-Tjulån, Närleder Ammarnäs 46.6 km",Sorsele Municipality,vandringsled i Sorsele kommun,"46.6"
14044,https://api.naturkartan.se/14044,Sodtme sameviste-Slipsiken,Sodtme sameviste-Slipsiken 11.7 km,Strömsund Municipality,vandringsled i Strömsund kommun,"11.7"
14042,https://api.naturkartan.se/14042,Marsliden - Marsfjällskåtan eller Marsfjällets topp,Marsliden - Marsfjällskåtan eller Marsfjällets topp 15.6 km,Vilhelmina Municipality,vandringsled i Vilhelmina kommun,"15.6"
14041,https://api.naturkartan.se/14041,Kanan-Virisen-Gränssjö,Kanan-Virisen-Gränssjö 52.0 km,Storuman Municipality,vandringsled i Storuman kommun,"52.0"
13976,https://api.naturkartan.se/13976,Saxnäs - Lill-Månkes koja - Rissjö,Saxnäs - Lill-Månkes koja - Rissjö 26.4 km,Vilhelmina Municipality,vandringsled i Vilhelmina kommun,"26.4"
13975,https://api.naturkartan.se/13975,"Konstleden, Saxnäs - Ateljén - Gaalloe - Borgafjäll","Konstleden, Saxnäs - Ateljén - Gaalloe - Borgafjäll 15.9 km",Dorotea Municipality,vandringsled i Dorotea kommun,"15.9"
13973,https://api.naturkartan.se/13973,Matsdalsvägen - Klitvallens sameviste,Matsdalsvägen - Klitvallens sameviste 8.2 km,Vilhelmina Municipality,vandringsled i Vilhelmina kommun,"8.2"
13972,https://api.naturkartan.se/13972,Kittelfjäll - Björnkullen - Grönfjäll,Kittelfjäll - Björnkullen - Grönfjäll 11.6 km,Vilhelmina Municipality,vandringsled i Vilhelmina kommun,"11.6"
13971,https://api.naturkartan.se/13971,Tjåkkelestugan - Stekenjokkvägen,Tjåkkelestugan - Stekenjokkvägen 7.3 km,Vilhelmina Municipality,vandringsled i Vilhelmina kommun,"7.3"
13967,https://api.naturkartan.se/13967,Tjåkkelestugan - Skible - Ljusliden - Ransarudden - Ransarviken,Tjåkkelestugan - Skible - Ljusliden - Ransarudden - Ransarviken 30.0 km,Vilhelmina Municipality,vandringsled i Vilhelmina kommun,"30.0"
13966,https://api.naturkartan.se/13966,Gielas - Ransarluspen,Gielas - Ransarluspen 18.5 km,Vilhelmina Municipality,vandringsled i Vilhelmina kommun,"18.5"
13965,https://api.naturkartan.se/13965,Fättjaur - Silisen - Valfjället - Grönfjället - Grantonsskalet - Grönfjäll,Fättjaur - Silisen - Valfjället - Grönfjället - Grantonsskalet - Grönfjäll 24.0 km,Vilhelmina Municipality,vandringsled i Vilhelmina kommun,"24.0"
13963,https://api.naturkartan.se/13963,Vardofjäll - Ljusliden,Vardofjäll - Ljusliden 12.9 km,Vilhelmina Municipality,vandringsled i Vilhelmina kommun,"12.9"
13962,https://api.naturkartan.se/13962,Fättjaur - Granån,Fättjaur - Granån 12.2 km,Vilhelmina Municipality,vandringsled i Vilhelmina kommun,"12.2"
13961,https://api.naturkartan.se/13961,Henriksfjäll - Grönfjäll - Klitvallens sameviste - Matsdal,Henriksfjäll - Grönfjäll - Klitvallens sameviste - Matsdal 15.7 km,Vilhelmina Municipality,vandringsled i Vilhelmina kommun,"15.7"
13960,https://api.naturkartan.se/13960,Kraddsele - Sandträsket - Viktoriakyrkan - Boksjön,Kraddsele - Sandträsket - Viktoriakyrkan - Boksjön 46.4 km,Sorsele Municipality,vandringsled i Sorsele kommun,"46.4"
13959,https://api.naturkartan.se/13959,Kraddsele - Gubmie - Luvllie Grävnná - Juhkagasska,Kraddsele - Gubmie - Luvllie Grävnná - Juhkagasska 23.4 km,Sorsele Municipality,vandringsled i Sorsele kommun,"23.4"
13958,https://api.naturkartan.se/13958,Länsgränsen - Breäjrájávrrie - Norra Ammarnäs,Länsgränsen - Breäjrájávrrie - Norra Ammarnäs 22.4 km,Sorsele Municipality,vandringsled i Sorsele kommun,"22.4"
13956,https://api.naturkartan.se/13956,Ammarnäs - Aivak - Vatjostugan - Biellojaure - Siambäcken (N. Fjällnäs),Ammarnäs - Aivak - Vatjostugan - Biellojaure - Siambäcken (N. Fjällnäs) 48.4 km,Storuman Municipality,vandringsled i Storuman kommun,"48.4"
13955,https://api.naturkartan.se/13955,Tjulträsk (Dårraudden) - Biellojaure,Tjulträsk (Dårraudden) - Biellojaure 21.7 km,Sorsele Municipality,vandringsled i Sorsele kommun,"21.7"
13953,https://api.naturkartan.se/13953,Tjulträsk - Rödingvik - Servestugan,Tjulträsk - Rödingvik - Servestugan 12.6 km,Sorsele Municipality,vandringsled i Sorsele kommun,"12.6"
13952,https://api.naturkartan.se/13952,Åjkije - Lill-Tjulträsket,Åjkije - Lill-Tjulträsket 16.6 km,Sorsele Municipality,vandringsled i Sorsele kommun,"16.6"
13950,https://api.naturkartan.se/13950,Syterstugan - Siambäcken (Norra Fjällnäs),Syterstugan - Siambäcken (Norra Fjällnäs) 15.7 km,Storuman Municipality,vandringsled i Storuman kommun,"15.7"
13949,https://api.naturkartan.se/13949,Solberg - Stabre - anslutning Kungsleden,Solberg - Stabre - anslutning Kungsleden 12.6 km,Storuman Municipality,vandringsled i Storuman kommun,"12.6"
13948,https://api.naturkartan.se/13948,Laisaliden - Murtsertoppen - Vallentjåkke rastskydd - anslutning Kungsleden,Laisaliden - Murtsertoppen - Vallentjåkke rastskydd - anslutning Kungsleden 14.1 km,Storuman Municipality,vandringsled i Storuman kommun,"14.1"
13946,https://api.naturkartan.se/13946,Syterstugan - Norra Sytertoppen - Viterskalsstugan,Syterstugan - Norra Sytertoppen - Viterskalsstugan 12.6 km,Storuman Municipality,vandringsled i Storuman kommun,"12.6"
13945,https://api.naturkartan.se/13945,Umasjö - Syterstugan,Umasjö - Syterstugan 20.2 km,Sorsele Municipality,vandringsled i Sorsele kommun,"20.2"
13944,https://api.naturkartan.se/13944,Norska gränsen (Lill-Uman) - Mjölkbäcken,Norska gränsen (Lill-Uman) - Mjölkbäcken 7.4 km,Storuman Municipality,vandringsled i Storuman kommun,"7.4"
13943,https://api.naturkartan.se/13943,Dalavardo - Skidbäcksstugan - Åjkije - Tärnasjöstugorna,Dalavardo - Skidbäcksstugan - Åjkije - Tärnasjöstugorna 50.7 km,Sorsele Municipality,vandringsled i Sorsele kommun,"50.7"
13919,https://api.naturkartan.se/13919,"Gällivare-Porjus, Rallarstigen","Gällivare-Porjus, Rallarstigen 44.0 km",Gällivare Municipality,vandringsled i Gällivare kommun,"44.0"
13703,https://api.naturkartan.se/13703,"Vandringsstig Lijnávárre-Manson, Muttosbálges/Muddusleden","Vandringsstig Lijnávárre-Manson, Muttosbálges/Muddusleden 6.4 km",Gällivare Municipality,vandringsled i Gällivare kommun,"6.4"
13702,https://api.naturkartan.se/13702,"Vandringsstig Sárggavárre-Boargáljávrre, Muttosbálges/Muddusleden","Vandringsstig Sárggavárre-Boargáljávrre, Muttosbálges/Muddusleden 5.5 km",Jokkmokk Municipality,vandringsled i Jokkmokk kommun,"5.5"
13701,https://api.naturkartan.se/13701,"Lilla stigslingan, Muttosbálges/Muttosleden","Lilla stigslingan, Muttosbálges/Muttosleden 24.0 km",Jokkmokk Municipality,vandringsled i Jokkmokk kommun,"24.0"
13700,https://api.naturkartan.se/13700,"Stora stigslingan, Muttosbálges/Muddusleden","Stora stigslingan, Muttosbálges/Muddusleden 45.0 km",Jokkmokk Municipality,vandringsled i Jokkmokk kommun,"45.0"
13520,https://api.naturkartan.se/13520,Vägen till Prästbodarna,Vägen till Prästbodarna 8.0 km,Falun Municipality,vandringsled i Falun kommun,"8.0"
12911,https://api.naturkartan.se/12911,Guijaure-Verdejaure,Guijaure-Verdejaure 26.0 km,Arjeplog Municipality,vandringsled i Arjeplog kommun,"26.0"
12906,https://api.naturkartan.se/12906,Silvervägen-Mavas,Silvervägen-Mavas 29.0 km,Arjeplog Municipality,vandringsled i Arjeplog kommun,"29.0"
12903,https://api.naturkartan.se/12903,"Pieskehaure-Darreädno, Nordkalottleden","Pieskehaure-Darreädno, Nordkalottleden 40.0 km",Jokkmokk Municipality,vandringsled i Jokkmokk kommun,"40.0"
12902,https://api.naturkartan.se/12902,"Stáddájåhkå-Mavas, Nordkalottleden","Stáddájåhkå-Mavas, Nordkalottleden 54.0 km",Arjeplog Municipality,vandringsled i Arjeplog kommun,"54.0"
12901,https://api.naturkartan.se/12901,"Tarrekaise-Kvikkjokk, Nordkalottleden och Padjelantaleden","Tarrekaise-Kvikkjokk, Nordkalottleden och Padjelantaleden 22.0 km",Jokkmokk Municipality,vandringsled i Jokkmokk kommun,"22.0"
12900,https://api.naturkartan.se/12900,"Darreluoppal-Såmmarlappa-Tarrekaise, Padjelantaleden","Darreluoppal-Såmmarlappa-Tarrekaise, Padjelantaleden 28.0 km",Jokkmokk Municipality,vandringsled i Jokkmokk kommun,"28.0"
12898,https://api.naturkartan.se/12898,"Stáddájåhkå-norska gränsen, Nordkalottleden","Stáddájåhkå-norska gränsen, Nordkalottleden 10.5 km",Jokkmokk Municipality,vandringsled i Jokkmokk kommun,"10.5"
12894,https://api.naturkartan.se/12894,Aktse-båtbrygga vid Guolleluoppal,Aktse-båtbrygga vid Guolleluoppal 6.0 km,Jokkmokk Municipality,vandringsled i Jokkmokk kommun,"6.0"
12550,https://api.naturkartan.se/12550,Grössjön vandringsled,Grössjön vandringsled 8.2 km,Umeå Municipality,vandringsled i Umeå kommun,"8.2"
12147,https://api.naturkartan.se/12147,Forsaleden,Forsaleden 7.0 km,Bräcke Municipality,vandringsled i Bräcke kommun,"7.0"
5665,https://api.naturkartan.se/5665,Kronören Rönnören vandringsled och naturstig,Kronören Rönnören vandringsled och naturstig 5.8 km,Nordmaling Municipality,vandringsled i Nordmaling kommun,"5.8"
4471,https://api.naturkartan.se/4471,"Bjuröklubb, vandringsled","Bjuröklubb, vandringsled 6.2 km",Skellefteå Municipality,vandringsled i Skellefteå kommun,"6.2"
4460,https://api.naturkartan.se/4460,"Stenbithöjden, vandringsled","Stenbithöjden, vandringsled 7.4 km",Åsele Municipality,vandringsled i Åsele kommun,"7.4"
4374,https://api.naturkartan.se/4374,"Västermark, vandringsled","Västermark, vandringsled 7.8 km",Umeå Municipality,vandringsled i Umeå kommun,"7.8"
4373,https://api.naturkartan.se/4373,"Vajsjön runt, vandringsled","Vajsjön runt, vandringsled 9.3 km",Norsjö Municipality,vandringsled i Norsjö kommun,"9.3"
4347,https://api.naturkartan.se/4347,"Ängesön Holmöarna, vandringsled","Ängesön Holmöarna, vandringsled 15.0 km",Umeå Municipality,vandringsled i Umeå kommun,"15.0"
1676,https://api.naturkartan.se/1676,Tysjöarna stigar,Tysjöarna stigar 12.7 km,Östersund Municipality,vandringsled i Östersund kommun,"12.7"
677,https://api.naturkartan.se/677,Hoverberget stigar,Hoverberget stigar 7.3 km,Berg Municipality,vandringsled i Berg kommun,"7.3"
132219,https://api.naturkartan.se/132219,Alternativ ledsträcka Korskälla - Lövnäsvallen via Mölingdalsvallen,Alternativ ledsträcka Korskälla - Lövnäsvallen via Mölingdalsvallen 19.8 km,Älvdalen Municipality,vandringsled i Älvdalen kommun,"19.8"
131826,https://api.naturkartan.se/131826,"Västerfjällsleden led 101 (sommarled, Oviksfjällen)","Västerfjällsleden led 101 (sommarled, Oviksfjällen) 10.0 km",Åre Municipality,vandringsled i Åre kommun,"10.0"
131587,https://api.naturkartan.se/131587,"Vandringsled, Haverövallen","Vandringsled, Haverövallen 5.2 km",Ånge Municipality,vandringsled i Ånge kommun,"5.2"
129280,https://api.naturkartan.se/129280,Storlien - Storvallen,Storlien - Storvallen 7.2 km,Åre Municipality,vandringsled i Åre kommun,"7.2"
128733,https://api.naturkartan.se/128733,Giertebåvne - - Skarvdörrspasset-(vidare till Stuggudal Norge),Giertebåvne - - Skarvdörrspasset-(vidare till Stuggudal Norge) 45.6 km,Härjedalen Municipality,vandringsled i Härjedalen kommun,"45.6"
128439,https://api.naturkartan.se/128439,Granbergsrundan,Granbergsrundan 6.0 km,Torsby Municipality,vandringsled i Torsby kommun,"6.0"
126412,https://api.naturkartan.se/126412,Botnialeden Skatan-Juniskär,Botnialeden Skatan-Juniskär 16.9 km,Sundsvall Municipality,vandringsled i Sundsvall kommun,"16.9"
126411,https://api.naturkartan.se/126411,Botnialeden Galtström-Skatan,Botnialeden Galtström-Skatan 6.9 km,Sundsvall Municipality,vandringsled i Sundsvall kommun,"6.9"
124494,https://api.naturkartan.se/124494,Svarttjärns vandringsstig,Svarttjärns vandringsstig 7.0 km,Skellefteå Municipality,vandringsled i Skellefteå kommun,"7.0"
124490,https://api.naturkartan.se/124490,Naturstigen,Naturstigen 5.0 km,Skellefteå Municipality,vandringsled i Skellefteå kommun,"5.0"
124489,https://api.naturkartan.se/124489,Furuögrundsleden,Furuögrundsleden 10.0 km,Skellefteå Municipality,vandringsled i Skellefteå kommun,"10.0"
124449,https://api.naturkartan.se/124449,Risböle fäbodstig,Risböle fäbodstig 9.0 km,Skellefteå Municipality,vandringsled i Skellefteå kommun,"9.0"
124444,https://api.naturkartan.se/124444,Grytsundsleden,Grytsundsleden 9.0 km,Skellefteå Municipality,vandringsled i Skellefteå kommun,"9.0"
124441,https://api.naturkartan.se/124441,Kyrkstigen,Kyrkstigen 40.0 km,Skellefteå Municipality,vandringsled i Skellefteå kommun,"40.0"
124440,https://api.naturkartan.se/124440,Storbäcksleden,Storbäcksleden 6.0 km,Skellefteå Municipality,vandringsled i Skellefteå kommun,"6.0"
124436,https://api.naturkartan.se/124436,Öbergsleden,Öbergsleden 6.0 km,Skellefteå Municipality,vandringsled i Skellefteå kommun,"6.0"
123126,https://api.naturkartan.se/123126,Storfjällsturerna,Storfjällsturerna 26.0 km,Malung-Sälen Municipality,vandringsled i Sälen (Malung-Sälen) kommun,"26.0"
123124,https://api.naturkartan.se/123124,Sälfjällsturen,Sälfjällsturen 14.0 km,Malung-Sälen Municipality,vandringsled i Sälen (Malung-Sälen) kommun,"14.0"
123123,https://api.naturkartan.se/123123,Östfjällsrundan,Östfjällsrundan 9.0 km,Malung-Sälen Municipality,vandringsled i Sälen (Malung-Sälen) kommun,"9.0"
123121,https://api.naturkartan.se/123121,Lill-Närfjällsleden,Lill-Närfjällsleden 15.0 km,Malung-Sälen Municipality,vandringsled i Sälen (Malung-Sälen) kommun,"15.0"
123120,https://api.naturkartan.se/123120,Stor-Närfjällsleden,Stor-Närfjällsleden 15.0 km,Malung-Sälen Municipality,vandringsled i Sälen (Malung-Sälen) kommun,"15.0"
123110,https://api.naturkartan.se/123110,Hundfjällsslingan,Hundfjällsslingan 12.0 km,Malung-Sälen Municipality,vandringsled i Sälen (Malung-Sälen) kommun,"12.0"
121357,https://api.naturkartan.se/121357,Banvallen,Banvallen 29.1 km,Övertorneå Municipality,vandringsled i Övertorneå kommun,"29.1"
121166,https://api.naturkartan.se/121166,Helgonleden Kårböle Stavkyrka till Huskölen,Helgonleden Kårböle Stavkyrka till Huskölen 11.0 km,Ljusdal Municipality,vandringsled i Ljusdal kommun,"11.0"
121165,https://api.naturkartan.se/121165,Helgonleden Lassekrog till Kårböle Stavkyrka,Helgonleden Lassekrog till Kårböle Stavkyrka 24.0 km,Ljusdal Municipality,vandringsled i Ljusdal kommun,"24.0"
121164,https://api.naturkartan.se/121164,Helgonleden Hovra till Lassekrog,Helgonleden Hovra till Lassekrog 16.5 km,Ljusdal Municipality,vandringsled i Ljusdal kommun,"16.5"
121163,https://api.naturkartan.se/121163,Helgonleden Färila kyrka till Hovra,Helgonleden Färila kyrka till Hovra 17.0 km,Ljusdal Municipality,vandringsled i Ljusdal kommun,"17.0"
121162,https://api.naturkartan.se/121162,Helgonleden Järvsö kyrka till Färila kyrka,Helgonleden Järvsö kyrka till Färila kyrka 26.4 km,Ljusdal Municipality,vandringsled i Ljusdal kommun,"26.4"
121161,https://api.naturkartan.se/121161,Helgonleden Undersviks kyrka till Järvsö kyrka,Helgonleden Undersviks kyrka till Järvsö kyrka 23.0 km,Bollnäs Municipality,vandringsled i Bollnäs kommun,"23.0"
114872,https://api.naturkartan.se/114872,"Syndalsturen, Södra Kungsleden","Syndalsturen, Södra Kungsleden  15.0 km",Malung-Sälen Municipality,vandringsled i Sälen (Malung-Sälen) kommun,"15.0"
114837,https://api.naturkartan.se/114837,Kramstaleden,Kramstaleden 7.0 km,Ljusdal Municipality,vandringsled i Ljusdal kommun,"7.0"
114834,https://api.naturkartan.se/114834,Lusta- och Åsansberget,Lusta- och Åsansberget 8.0 km,Ljusdal Municipality,vandringsled i Ljusdal kommun,"8.0"
114632,https://api.naturkartan.se/114632,Sannaleden i Järvsö,Sannaleden i Järvsö 7.0 km,Ljusdal Municipality,vandringsled i Ljusdal kommun,"7.0"
114453,https://api.naturkartan.se/114453,"Vallederna, Stensvallen - Pervallen - Kalvsvallen","Vallederna, Stensvallen - Pervallen - Kalvsvallen 12.0 km",Ljusdal Municipality,vandringsled i Ljusdal kommun,"12.0"
114449,https://api.naturkartan.se/114449,"Vallederna, Nor - Pervallen - Kalvsvallen","Vallederna, Nor - Pervallen - Kalvsvallen 18.0 km",Ljusdal Municipality,vandringsled i Ljusdal kommun,"18.0"
103720,https://api.naturkartan.se/103720,Isovaara Elljusspår,Isovaara Elljusspår 5.0 km,Övertorneå Municipality,vandringsled i Övertorneå kommun,"5.0"
103718,https://api.naturkartan.se/103718,Armasjärvi-Luppio,Armasjärvi-Luppio 5.6 km,Övertorneå Municipality,vandringsled i Övertorneå kommun,"5.6"
103716,https://api.naturkartan.se/103716,Luppioberget runt,Luppioberget runt 5.4 km,Övertorneå Municipality,vandringsled i Övertorneå kommun,"5.4"
103696,https://api.naturkartan.se/103696,"Isovaara Vit led, 10 km","Isovaara Vit led, 10 km 8.7 km",Övertorneå Municipality,vandringsled i Övertorneå kommun,"8.7"
103695,https://api.naturkartan.se/103695,"Isovaara Gul led, 7,5 km","Isovaara Gul led, 7,5 km 6.8 km",Övertorneå Municipality,vandringsled i Övertorneå kommun,"6.8"
97251,https://api.naturkartan.se/97251,"Storhogna-Samevistet-Fallmoranfallen 7,5 km","Storhogna-Samevistet-Fallmoranfallen 7,5 km 7.5 km",Berg Municipality,vandringsled i Berg kommun,"7.5"
96021,https://api.naturkartan.se/96021,Böleleden 18 km,Böleleden 18 km 16.7 km,Berg Municipality,vandringsled i Berg kommun,"16.7"
96017,https://api.naturkartan.se/96017,"Bergbanan 6,8 km","Bergbanan 6,8 km 6.9 km",Berg Municipality,vandringsled i Berg kommun,"6.9"
96016,https://api.naturkartan.se/96016,Röjåbanan 6 km,Röjåbanan 6 km 5.7 km,Berg Municipality,vandringsled i Berg kommun,"5.7"
95300,https://api.naturkartan.se/95300,"Kårböleleden Etapp 12, 11 km","Kårböleleden Etapp 12, 11 km 10.8 km",Berg Municipality,vandringsled i Berg kommun,"10.8"
95298,https://api.naturkartan.se/95298,"Kårböleleden Etapp 11, 22 km","Kårböleleden Etapp 11, 22 km 23.0 km",Berg Municipality,vandringsled i Berg kommun,"23.0"
95296,https://api.naturkartan.se/95296,"Kårböleleden Etapp 10, 11 km","Kårböleleden Etapp 10, 11 km 11.1 km",Berg Municipality,vandringsled i Berg kommun,"11.1"
95260,https://api.naturkartan.se/95260,"Kårböleleden Etapp 9, 12 km","Kårböleleden Etapp 9, 12 km 13.0 km",Berg Municipality,vandringsled i Berg kommun,"13.0"
95259,https://api.naturkartan.se/95259,"Kårböleleden Etapp 8, 13 km","Kårböleleden Etapp 8, 13 km 10.7 km",Berg Municipality,vandringsled i Berg kommun,"10.7"
95258,https://api.naturkartan.se/95258,"Kårböleleden Etapp 7, 13 km","Kårböleleden Etapp 7, 13 km 12.8 km",Berg Municipality,vandringsled i Berg kommun,"12.8"
95257,https://api.naturkartan.se/95257,"Kårböleleden Etapp 6, 14 km","Kårböleleden Etapp 6, 14 km 13.9 km",Berg Municipality,vandringsled i Berg kommun,"13.9"
95256,https://api.naturkartan.se/95256,"Kårböleleden Etapp 5, 14 km","Kårböleleden Etapp 5, 14 km 16.4 km",Berg Municipality,vandringsled i Berg kommun,"16.4"
94094,https://api.naturkartan.se/94094,Hamnäsleden,Hamnäsleden 7.5 km,Söderhamn Municipality,vandringsled i Söderhamn kommun,"7.5"
93470,https://api.naturkartan.se/93470,Kyrkstigen,Kyrkstigen 5.7 km,Berg Municipality,vandringsled i Berg kommun,"5.7"
93469,https://api.naturkartan.se/93469,Hoverbergsleden,Hoverbergsleden 9.0 km,Berg Municipality,vandringsled i Berg kommun,"9.0"
91766,https://api.naturkartan.se/91766,Led Havsvalladalen,Led Havsvalladalen 7.1 km,Torsby Municipality,vandringsled i Torsby kommun,"7.1"
87032,https://api.naturkartan.se/87032,Kenkälahti Slingan,Kenkälahti Slingan 6.6 km,Haparanda Municipality,vandringsled i Haparanda kommun,"6.6"
86510,https://api.naturkartan.se/86510,"124 Vintervandring Vita Renen (vandringsled, Edsåsdalen)","124 Vintervandring Vita Renen (vandringsled, Edsåsdalen) 8.4 km",Åre Municipality,vandringsled i Åre kommun,"8.4"
86401,https://api.naturkartan.se/86401,"223 Grofjällsrundan (vandringsled, Edsåsdalen)","223 Grofjällsrundan (vandringsled, Edsåsdalen) 11.4 km",Åre Municipality,vandringsled i Åre kommun,"11.4"
85792,https://api.naturkartan.se/85792,262 Norra ridvadsrundan - vandringsled (Ottsjö),262 Norra ridvadsrundan - vandringsled (Ottsjö) 5.5 km,Åre Municipality,vandringsled i Åre kommun,"5.5"
85383,https://api.naturkartan.se/85383,Storviksleden,Storviksleden 9.5 km,Dorotea Municipality,vandringsled i Dorotea kommun,"9.5"
84452,https://api.naturkartan.se/84452,"220 Renfjällsrundan (vandringsled, Edsåsdalen)","220 Renfjällsrundan (vandringsled, Edsåsdalen) 12.5 km",Åre Municipality,vandringsled i Åre kommun,"12.5"
84434,https://api.naturkartan.se/84434,"260 Platåleden (vandringsled, Ottsjö)","260 Platåleden (vandringsled, Ottsjö) 6.0 km",Åre Municipality,vandringsled i Åre kommun,"6.0"
84431,https://api.naturkartan.se/84431,"263 Hållvallsrundan (vandringsled, Ottsjö)","263 Hållvallsrundan (vandringsled, Ottsjö) 15.9 km",Åre Municipality,vandringsled i Åre kommun,"15.9"
84429,https://api.naturkartan.se/84429,"240 Välliste runt (vandringsled, Trillevallen)","240 Välliste runt (vandringsled, Trillevallen) 11.9 km",Åre Municipality,vandringsled i Åre kommun,"11.9"
84370,https://api.naturkartan.se/84370,Skärkdalen-Mor Sönnes-Hovlinsvallen,Skärkdalen-Mor Sönnes-Hovlinsvallen 6.8 km,Berg Municipality,vandringsled i Berg kommun,"6.8"
84359,https://api.naturkartan.se/84359,Pilgrimsleden,Pilgrimsleden 13.2 km,Berg Municipality,vandringsled i Bergs kommun som börjar i Ljungdalen och går upp på fjället mot Predikstolen,"13.2"
83250,https://api.naturkartan.se/83250,Masgrottan,Masgrottan 18.9 km,Berg Municipality,vandringsled i Berg kommun,"18.9"
83175,https://api.naturkartan.se/83175,Särvvålsvallen-Högrensvålvallen,Särvvålsvallen-Högrensvålvallen 15.0 km,Berg Municipality,vandringsled i Berg kommun,"15.0"
83173,https://api.naturkartan.se/83173,Husvålsstugan,Husvålsstugan 6.0 km,Berg Municipality,vandringsled i Berg kommun,"6.0"
75049,https://api.naturkartan.se/75049,Klöverfjällsleden,Klöverfjällsleden 12.7 km,Dorotea Municipality,vandringsled i Dorotea kommun,"12.7"
74841,https://api.naturkartan.se/74841,Rågmjölsvägen,Rågmjölsvägen 93.7 km,Norsjö Municipality,vandringsled i Norsjö kommun,"93.7"
74427,https://api.naturkartan.se/74427,Holmörundan,Holmörundan 12.7 km,Umeå Municipality,vandringsled i Umeå kommun,"12.7"
74419,https://api.naturkartan.se/74419,Kammen,Kammen 6.0 km,Umeå Municipality,vandringsled i Umeå kommun,"6.0"
74418,https://api.naturkartan.se/74418,Trappudden - Holmön,Trappudden - Holmön 7.0 km,Umeå Municipality,vandringsled i Umeå kommun,"7.0"
73693,https://api.naturkartan.se/73693,Kalmeterslingan,Kalmeterslingan 7.2 km,Ljusdal Municipality,vandringsled i Ljusdal kommun,"7.2"
72995,https://api.naturkartan.se/72995,Tavelsjön runt,Tavelsjön runt 23.5 km,Umeå Municipality,vandringsled i Umeå kommun,"23.5"
72199,https://api.naturkartan.se/72199,Vandringsled Gräftåvallen-Arådalen,Vandringsled Gräftåvallen-Arådalen 13.7 km,Berg Municipality,vandringsled i Berg kommun,"13.7"
72198,https://api.naturkartan.se/72198,Vandringsled Gräftåvallen-Höglekardalen,Vandringsled Gräftåvallen-Höglekardalen 15.2 km,Berg Municipality,vandringsled i Berg kommun,"15.2"
72197,https://api.naturkartan.se/72197,Vandringsled Arådalen-Höglekardalen,Vandringsled Arådalen-Höglekardalen 19.4 km,Berg Municipality,vandringsled i Berg kommun,"19.4"
71695,https://api.naturkartan.se/71695,Lillbosjön runt,Lillbosjön runt 5.6 km,Hudiksvall Municipality,vandringsled i Hudiksvall kommun,"5.6"
71488,https://api.naturkartan.se/71488,Elljusspår Gräftåvallen,Elljusspår Gräftåvallen 5.0 km,Berg Municipality,vandringsled i Berg kommun,"5.0"
71400,https://api.naturkartan.se/71400,"Siljansleden, Björntjärn - Åsengården","Siljansleden, Björntjärn - Åsengården 23.7 km",Mora Municipality,vandringsled i Mora kommun,"23.7"
71399,https://api.naturkartan.se/71399,Rundtur Gräftåvallen,Rundtur Gräftåvallen 15.0 km,Berg Municipality,vandringsled i Berg kommun,"15.0"
70708,https://api.naturkartan.se/70708,Buförrundan,Buförrundan 11.9 km,Ljusdal Municipality,vandringsled i Ljusdal kommun,"11.9"
69704,https://api.naturkartan.se/69704,Vandringsled Hermansborg-Ejheden,Vandringsled Hermansborg-Ejheden 16.4 km,Rättvik Municipality,vandringsled i Rättvik kommun,"16.4"
67742,https://api.naturkartan.se/67742,Borgahällan,Borgahällan 6.0 km,Dorotea Municipality,vandringsled i Dorotea kommun,"6.0"
67736,https://api.naturkartan.se/67736,Vandring till Toppstugan i Lajksjö,Vandring till Toppstugan i Lajksjö 5.0 km,Dorotea Municipality,vandringsled i Dorotea kommun,"5.0"
67168,https://api.naturkartan.se/67168,Kullerbacksrundan,Kullerbacksrundan 6.5 km,Dorotea Municipality,vandringsled i Dorotea kommun,"6.5"
65912,https://api.naturkartan.se/65912,Jaktfalksleden,Jaktfalksleden 5.5 km,Älvdalen Municipality,vandringsled i Älvdalen kommun,"5.5"
65271,https://api.naturkartan.se/65271,Kyrkstigen Avaträsk - Dorotea,Kyrkstigen Avaträsk - Dorotea 8.3 km,Dorotea Municipality,vandringsled i Dorotea kommun,"8.3"
65268,https://api.naturkartan.se/65268,Stensjöbäcken,Stensjöbäcken 6.0 km,Dorotea Municipality,vandringsled i Dorotea kommun,"6.0"
61346,https://api.naturkartan.se/61346,Rullbo-Grästjärn,Rullbo-Grästjärn 41.0 km,Ljusdal Municipality,vandringsled i Ljusdal kommun,"41.0"
58638,https://api.naturkartan.se/58638,"Lindbergsrundan, Edsbyn","Lindbergsrundan, Edsbyn 12.3 km",Ovanåker Municipality,vandringsled i Ovanåker kommun,"12.3"
58149,https://api.naturkartan.se/58149,Vandringsled Voxnabruk -Ejheden,Vandringsled Voxnabruk -Ejheden 17.0 km,Orsa Municipality,vandringsled i Orsa kommun,"17.0"
58128,https://api.naturkartan.se/58128,"Åtnikstugan - Klimpfjäll (Soldalen), Lapplandsleden","Åtnikstugan - Klimpfjäll (Soldalen), Lapplandsleden 40.5 km",Vilhelmina Municipality,vandringsled i Vilhelmina kommun,"40.5"
58127,https://api.naturkartan.se/58127,"Gränssjö – Åtnikstugan, Lapplandsleden","Gränssjö – Åtnikstugan, Lapplandsleden 21.8 km",Vilhelmina Municipality,vandringsled i Vilhelmina kommun,"21.8"
58126,https://api.naturkartan.se/58126,"Arevattnet – Gränssjö, Lapplandsleden","Arevattnet – Gränssjö, Lapplandsleden 27.3 km",Storuman Municipality,vandringsled i Storuman kommun,"27.3"
58125,https://api.naturkartan.se/58125,"Atoklimpen – Arevattnet, Lapplandsleden","Atoklimpen – Arevattnet, Lapplandsleden 20.7 km",Storuman Municipality,vandringsled i Storuman kommun,"20.7"
58124,https://api.naturkartan.se/58124,"Hemavan – Atoklimpen, Lapplandsleden","Hemavan – Atoklimpen, Lapplandsleden 40.7 km",Storuman Municipality,vandringsled i Storuman kommun,"40.7"
58123,https://api.naturkartan.se/58123,"Klimpfjäll (Soldalen) – Borgafjäll, Lapplandsleden","Klimpfjäll (Soldalen) – Borgafjäll, Lapplandsleden 39.0 km",Dorotea Municipality,vandringsled i Dorotea kommun,"39.0"
58027,https://api.naturkartan.se/58027,"Halljärv terrängspår 6,3 km","Halljärv terrängspår 6,3 km 6.3 km",Överkalix Municipality,vandringsled i Överkalix kommun,"6.3"
57171,https://api.naturkartan.se/57171,"Ol-Jonsvallen - Ljusnedals Kyrka- Funäsdalens Kyrka - Flon, rekommenderad","Ol-Jonsvallen - Ljusnedals Kyrka- Funäsdalens Kyrka - Flon, rekommenderad  24.2 km",Härjedalen Municipality,vandringsled i Härjedalen kommun,"24.2"
57168,https://api.naturkartan.se/57168,Fem kilometersslingan i Delsbo.,Fem kilometersslingan i Delsbo.  5.1 km,Hudiksvall Municipality,vandringsled i Hudiksvall kommun,"5.1"
57083,https://api.naturkartan.se/57083,Cykelstigarna i Svabensverk - via Rotsjön,Cykelstigarna i Svabensverk - via Rotsjön 26.6 km,Ovanåker Municipality,vandringsled i Ovanåker kommun,"26.6"
56826,https://api.naturkartan.se/56826,Hälsingeleden: Gruvstigen till Hedbäcken,Hälsingeleden: Gruvstigen till Hedbäcken 15.0 km,Ljusdal Municipality,vandringsled i Ljusdal kommun,"15.0"
55936,https://api.naturkartan.se/55936,Selångersfjärden runt,Selångersfjärden runt 5.6 km,Sundsvall Municipality,vandringsled i Sundsvall kommun,"5.6"
55797,https://api.naturkartan.se/55797,Gruvleden,Gruvleden 9.0 km,Ovanåker Municipality,vandringsled i Ovanåker kommun,"9.0"
54080,https://api.naturkartan.se/54080,Cykelled på Borgen,Cykelled på Borgen 5.0 km,Ovanåker Municipality,vandringsled i Ovanåker kommun,"5.0"
53371,https://api.naturkartan.se/53371,Naturstig,Naturstig  6.0 km,Haparanda Municipality,vandringsled i Haparanda kommun,"6.0"
52630,https://api.naturkartan.se/52630,Vikebergsleden 10 km (Nordanå-spåren),Vikebergsleden 10 km (Nordanå-spåren) 10.0 km,Ovanåker Municipality,vandringsled i Ovanåker kommun,"10.0"
52324,https://api.naturkartan.se/52324,Himmelsbergsleden,Himmelsbergsleden 23.0 km,Falun Municipality,vandringsled i Falun kommun,"23.0"
52323,https://api.naturkartan.se/52323,7:an på Nordanå,7:an på Nordanå 7.0 km,Ovanåker Municipality,vandringsled i Ovanåker kommun,"7.0"
52321,https://api.naturkartan.se/52321,"Bergsborundan, 16 km","Bergsborundan, 16 km 16.0 km",Ovanåker Municipality,vandringsled i Ovanåker kommun,"16.0"
52320,https://api.naturkartan.se/52320,Finnmarksleden med Hamraleden,Finnmarksleden med Hamraleden 45.0 km,Ljusdal Municipality,vandringsled i Ljusdal kommun,"45.0"
52318,https://api.naturkartan.se/52318,Eggasspåret 22 km Skålsjögråden,Eggasspåret 22 km Skålsjögråden 21.7 km,Ovanåker Municipality,vandringsled i Ovanåker kommun,"21.7"
52315,https://api.naturkartan.se/52315,Cykelstigarna i Svabensverk - Västeråsen 17 km,Cykelstigarna i Svabensverk - Västeråsen 17 km 17.0 km,Ovanåker Municipality,vandringsled i Ovanåker kommun,"17.0"
52309,https://api.naturkartan.se/52309,"Torparundan, 26 km","Torparundan, 26 km 26.2 km",Ovanåker Municipality,vandringsled i Ovanåker kommun,"26.2"
52307,https://api.naturkartan.se/52307,Vikebergsleden 15 eller 20 km,Vikebergsleden 15 eller 20 km 20.0 km,Ovanåker Municipality,vandringsled i Ovanåker kommun,"20.0"
52306,https://api.naturkartan.se/52306,Flottarleden Runemo-Söräng,Flottarleden Runemo-Söräng 7.0 km,Bollnäs Municipality,vandringsled i Bollnäs kommun,"7.0"
51999,https://api.naturkartan.se/51999,Finnforsleden,Finnforsleden 12.6 km,Sollefteå Municipality,vandringsled i Sollefteå kommun,"12.6"
51997,https://api.naturkartan.se/51997,Ådalsleden 2 Boteå-Kyrkviken,Ådalsleden 2 Boteå-Kyrkviken 35.2 km,Kramfors Municipality,vandringsled i Kramfors kommun,"35.2"
51996,https://api.naturkartan.se/51996,Ådalsleden,Ådalsleden  95.2 km,Sollefteå Municipality,vandringsled i Sollefteå kommun,"95.2"
51980,https://api.naturkartan.se/51980,Finnåleden,Finnåleden 23.0 km,Sollefteå Municipality,vandringsled i Sollefteå kommun,"23.0"
51730,https://api.naturkartan.se/51730,Örvallen - Stora Öråsen - Julingvallen - Örvallen,Örvallen - Stora Öråsen - Julingvallen - Örvallen 8.0 km,Hudiksvall Municipality,vandringsled i Hudiksvall kommun,"8.0"
51531,https://api.naturkartan.se/51531,Torpshammar stor promenadslinga,Torpshammar stor promenadslinga 5.6 km,Ånge Municipality,vandringsled i Ånge kommun,"5.6"
51147,https://api.naturkartan.se/51147,Leder på Grejsarberget,Leder på Grejsarberget 5.0 km,Falun Municipality,vandringsled i Falun kommun,"5.0"
48889,https://api.naturkartan.se/48889,Bruksvallarna arena- Ramundberget,Bruksvallarna arena- Ramundberget 8.6 km,Härjedalen Municipality,vandringsled i Härjedalen kommun,"8.6"
48733,https://api.naturkartan.se/48733,Ora - Dyrvallen - Brunkänge - Ora,Ora - Dyrvallen - Brunkänge - Ora 9.0 km,Hudiksvall Municipality,vandringsled i Hudiksvall kommun,"9.0"
35120,https://api.naturkartan.se/35120,"Barmarksled, Vattingsmalarna","Barmarksled, Vattingsmalarna 6.5 km",Nordanstig Municipality,vandringsled i Nordanstig kommun,"6.5"
34593,https://api.naturkartan.se/34593,"Barmarksled, Agön-Kråkön","Barmarksled, Agön-Kråkön 20.4 km",Hudiksvall Municipality,vandringsled i Hudiksvall kommun,"20.4"
34474,https://api.naturkartan.se/34474,Led Horsstomyren,Led Horsstomyren 6.5 km,Torsby Municipality,vandringsled i Torsby kommun,"6.5"
33887,https://api.naturkartan.se/33887,"Barmarksled, Älvåsen","Barmarksled, Älvåsen 6.1 km",Nordanstig Municipality,vandringsled i Nordanstig kommun,"6.1"
33701,https://api.naturkartan.se/33701,"Barmarksled, Storberget","Barmarksled, Storberget 6.0 km",Hudiksvall Municipality,vandringsled i Hudiksvall kommun,"6.0"
33691,https://api.naturkartan.se/33691,"Barmarksled, Hölick","Barmarksled, Hölick 6.6 km",Hudiksvall Municipality,vandringsled i Hudiksvall kommun,"6.6"
27807,https://api.naturkartan.se/27807,"Åmots bruk-Lingbo, Gästrikeleden etapp 5:2","Åmots bruk-Lingbo, Gästrikeleden etapp 5:2 31.0 km",Ockelbo Municipality,vandringsled i Ockelbo kommun,"31.0"
27806,https://api.naturkartan.se/27806,"Rönnåsen (Ockelbo)-Jädraås bruk, Gästrikeleden etapp 5","Rönnåsen (Ockelbo)-Jädraås bruk, Gästrikeleden etapp 5 15.9 km",Ockelbo Municipality,vandringsled i Ockelbo kommun,"15.9"
27585,https://api.naturkartan.se/27585,Rändåfallet -Ol-Jonsvallen,Rändåfallet -Ol-Jonsvallen 30.4 km,Härjedalen Municipality,vandringsled i Härjedalen kommun,"30.4"
27513,https://api.naturkartan.se/27513,Vandringsled Örvallsjön,Vandringsled Örvallsjön 5.1 km,Hudiksvall Municipality,vandringsled i Hudiksvall kommun,"5.1"
27272,https://api.naturkartan.se/27272,Råbergsrundan,Råbergsrundan 9.3 km,Hudiksvall Municipality,vandringsled i Hudiksvall kommun,"9.3"
27055,https://api.naturkartan.se/27055,Ol-Jonsvallen-Bruksvallarnas Kapell-Bruksvallarna arena,Ol-Jonsvallen-Bruksvallarnas Kapell-Bruksvallarna arena 20.1 km,Härjedalen Municipality,vandringsled i Härjedalen kommun,"20.1"
26822,https://api.naturkartan.se/26822,Moraberget Vandringsled,Moraberget Vandringsled 6.2 km,Hudiksvall Municipality,vandringsled i Hudiksvall kommun,"6.2"
26677,https://api.naturkartan.se/26677,Hälsans stig - Sorsele,Hälsans stig - Sorsele 5.0 km,Sorsele Municipality,vandringsled i Sorsele kommun,"5.0"
26671,https://api.naturkartan.se/26671,Elljusspåret Vesslamon i Friggesund Skidspår,Elljusspåret Vesslamon i Friggesund Skidspår 5.0 km,Hudiksvall Municipality,vandringsled i Hudiksvall kommun,"5.0"
26481,https://api.naturkartan.se/26481,Klövsvallsrundan,Klövsvallsrundan 9.4 km,Hudiksvall Municipality,vandringsled i Hudiksvall kommun,"9.4"
26373,https://api.naturkartan.se/26373,Örvallen - Prästvallen - Julingvallen - Örvallen,Örvallen - Prästvallen - Julingvallen - Örvallen 13.0 km,Hudiksvall Municipality,vandringsled i Hudiksvall kommun,"13.0"
26315,https://api.naturkartan.se/26315,Strandpromenaden Friggesund,Strandpromenaden Friggesund 7.5 km,Hudiksvall Municipality,vandringsled i Hudiksvall kommun,"7.5"
26298,https://api.naturkartan.se/26298,Flottarleden i Svågadalen,Flottarleden i Svågadalen 11.0 km,Hudiksvall Municipality,vandringsled i Hudiksvall kommun,"11.0"
26297,https://api.naturkartan.se/26297,Kraterstigen,Kraterstigen 6.0 km,Hudiksvall Municipality,vandringsled i Hudiksvall kommun,"6.0"
26223,https://api.naturkartan.se/26223,Hävlungsleden,Hävlungsleden 13.0 km,Hudiksvall Municipality,vandringsled i Hudiksvall kommun,"13.0"
26126,https://api.naturkartan.se/26126,Njupfatsleden,Njupfatsleden 8.0 km,Hudiksvall Municipality,vandringsled i Hudiksvall kommun,"8.0"
26123,https://api.naturkartan.se/26123,Gröntjärnsleden,Gröntjärnsleden 12.0 km,Hudiksvall Municipality,vandringsled i Hudiksvall kommun,"12.0"
26119,https://api.naturkartan.se/26119,Kolarstigen,Kolarstigen 27.0 km,Hudiksvall Municipality,vandringsled i Hudiksvall kommun,"27.0"
26118,https://api.naturkartan.se/26118,Borgarleden,Borgarleden 23.0 km,Hudiksvall Municipality,vandringsled i Hudiksvall kommun,"23.0"
26084,https://api.naturkartan.se/26084,Sommarvägen till Rotbodarna/Rotboleden,Sommarvägen till Rotbodarna/Rotboleden 23.0 km,Falun Municipality,vandringsled i Falun kommun,"23.0"
25798,https://api.naturkartan.se/25798,Mittnorden leden Målstaallmänningen-Stöde,Mittnorden leden Målstaallmänningen-Stöde 16.8 km,Sundsvall Municipality,vandringsled i Sundsvall kommun,"16.8"
25602,https://api.naturkartan.se/25602,Gusturleden Vattjom-Huljen-Västerro,Gusturleden Vattjom-Huljen-Västerro 19.8 km,Sundsvall Municipality,vandringsled i Sundsvall kommun,"19.8"
25601,https://api.naturkartan.se/25601,Gusturleden Västerro-Vattjom,Gusturleden Västerro-Vattjom 12.7 km,Sundsvall Municipality,vandringsled i Sundsvall kommun,"12.7"
25583,https://api.naturkartan.se/25583,"Vandringsleder, 5, 6, 10 km och Moraberget","Vandringsleder, 5, 6, 10 km och Moraberget 10.0 km",Hudiksvall Municipality,vandringsled i Hudiksvall kommun,"10.0"
25567,https://api.naturkartan.se/25567,Kajvallsleden Delsbo - Ljusdal,Kajvallsleden Delsbo - Ljusdal 47.0 km,Hudiksvall Municipality,vandringsled i Hudiksvall kommun,"47.0"
25441,https://api.naturkartan.se/25441,Norrboleden Vandringsled,Norrboleden Vandringsled 13.0 km,Hudiksvall Municipality,vandringsled i Hudiksvall kommun,"13.0"
25352,https://api.naturkartan.se/25352,Sjuvallsleden Vandringsled,Sjuvallsleden Vandringsled 31.0 km,Hudiksvall Municipality,vandringsled i Hudiksvall kommun,"31.0"
25309,https://api.naturkartan.se/25309,Cykelsnöret,Cykelsnöret 5.0 km,Storuman Municipality,vandringsled i Storuman kommun,"5.0"
25298,https://api.naturkartan.se/25298,Elljusspåret 15 km Storuman – Stensele,Elljusspåret 15 km Storuman – Stensele 15.0 km,Storuman Municipality,vandringsled i Storuman kommun,"15.0"
25293,https://api.naturkartan.se/25293,Elljusspåret 6 km,Elljusspåret 6 km 6.0 km,Storuman Municipality,vandringsled i Storuman kommun,"6.0"
25284,https://api.naturkartan.se/25284,Rackokalvsvägen,Rackokalvsvägen 5.0 km,Storuman Municipality,vandringsled i Storuman kommun,"5.0"
25283,https://api.naturkartan.se/25283,Kyrkstig Sätervallen,Kyrkstig Sätervallen 5.0 km,Storuman Municipality,vandringsled i Storuman kommun,"5.0"
25115,https://api.naturkartan.se/25115,Ovansjö-Bergafjärden,Ovansjö-Bergafjärden 7.9 km,Sundsvall Municipality,vandringsled i Sundsvall kommun,"7.9"
25107,https://api.naturkartan.se/25107,Fiskestigen Dingersjö-Viforsen,Fiskestigen Dingersjö-Viforsen 16.0 km,Sundsvall Municipality,vandringsled i Sundsvall kommun,"16.0"
25106,https://api.naturkartan.se/25106,S:t Olavsleden Stöde-Kommungränsen,S:t Olavsleden Stöde-Kommungränsen 11.8 km,Sundsvall Municipality,vandringsled i Sundsvall kommun,"11.8"
25105,https://api.naturkartan.se/25105,S:t Olavsleden Matfors-Stöde,S:t Olavsleden Matfors-Stöde 26.4 km,Sundsvall Municipality,vandringsled i Sundsvall kommun,"26.4"
25104,https://api.naturkartan.se/25104,S:t Olavsleden Selånger-Matfors,S:t Olavsleden Selånger-Matfors 17.1 km,Sundsvall Municipality,vandringsled i Sundsvall kommun,"17.1"
25103,https://api.naturkartan.se/25103,Botnialeden Fiskdammen-Östtjärn,Botnialeden Fiskdammen-Östtjärn 7.9 km,Sundsvall Municipality,vandringsled i Sundsvall kommun,"7.9"
25102,https://api.naturkartan.se/25102,Botnialeden Östtjärn-Södra Berget,Botnialeden Östtjärn-Södra Berget 6.7 km,Sundsvall Municipality,vandringsled i Sundsvall kommun,"6.7"
25062,https://api.naturkartan.se/25062,S:t Olavsleden Sundsvalls station-Selånger,S:t Olavsleden Sundsvalls station-Selånger 7.5 km,Sundsvall Municipality,vandringsled i Sundsvall kommun,"7.5"
25061,https://api.naturkartan.se/25061,Mittnorden leden Matfors-Målstaallmänningen,Mittnorden leden Matfors-Målstaallmänningen 16.5 km,Sundsvall Municipality,vandringsled i Sundsvall kommun,"16.5"
25059,https://api.naturkartan.se/25059,Mittnorden leden Vintertjärn-Runsvik,Mittnorden leden Vintertjärn-Runsvik 12.7 km,Sundsvall Municipality,vandringsled i Sundsvall kommun,"12.7"
25058,https://api.naturkartan.se/25058,Mittnorden leden Södra Berget-Vintertjärn,Mittnorden leden Södra Berget-Vintertjärn 8.3 km,Sundsvall Municipality,vandringsled i Sundsvall kommun,"8.3"
24879,https://api.naturkartan.se/24879,Vandringsled Atoklimpens kulturreservat,Vandringsled Atoklimpens kulturreservat 8.9 km,Storuman Municipality,vandringsled i Storuman kommun,"8.9"
24864,https://api.naturkartan.se/24864,Gamla älvfårestigen,Gamla älvfårestigen 6.5 km,Storuman Municipality,vandringsled i Storuman kommun,"6.5"
24835,https://api.naturkartan.se/24835,Delsbosvängen Vandringsled,Delsbosvängen Vandringsled 19.0 km,Hudiksvall Municipality,vandringsled i Hudiksvall kommun,"19.0"
24825,https://api.naturkartan.se/24825,Kajvallsleden - Kolarberget till Långede,Kajvallsleden - Kolarberget till Långede 6.6 km,Hudiksvall Municipality,vandringsled i Hudiksvall kommun,"6.6"
24822,https://api.naturkartan.se/24822,Noan runt,Noan runt 17.0 km,Storuman Municipality,vandringsled i Storuman kommun,"17.0"
24574,https://api.naturkartan.se/24574,Kyrkstigen Storuman – Stensele,Kyrkstigen Storuman – Stensele 6.0 km,Storuman Municipality,vandringsled i Storuman kommun,"6.0"
24282,https://api.naturkartan.se/24282,Murtsertoppen,Murtsertoppen 6.5 km,Storuman Municipality,vandringsled i Storuman kommun,"6.5"
24095,https://api.naturkartan.se/24095,Daalåejvie/Dalåive,Daalåejvie/Dalåive 5.0 km,Storuman Municipality,vandringsled i Storuman kommun,"5.0"
23222,https://api.naturkartan.se/23222,Spikbodarna motionsspår 13 km,Spikbodarna motionsspår 13 km 12.7 km,Östersund Municipality,vandringsled i Östersund kommun,"12.7"
23124,https://api.naturkartan.se/23124,Spikbodarna motionsspår 5 km,Spikbodarna motionsspår 5 km 5.0 km,Östersund Municipality,vandringsled i Östersund kommun,"5.0"
22606,https://api.naturkartan.se/22606,Nyvallen - Nysätern,Nyvallen - Nysätern 9.7 km,Härjedalen Municipality,vandringsled i Härjedalen kommun,"9.7"
22604,https://api.naturkartan.se/22604,Nysätern - Sododalen,Nysätern - Sododalen 5.2 km,Härjedalen Municipality,vandringsled i Härjedalen kommun,"5.2"
22600,https://api.naturkartan.se/22600,Nyvallen - Sododalen,Nyvallen - Sododalen 5.5 km,Härjedalen Municipality,vandringsled i Härjedalen kommun,"5.5"
22597,https://api.naturkartan.se/22597,Ryvålsrundan,Ryvålsrundan 11.0 km,Härjedalen Municipality,vandringsled i Härjedalen kommun,"11.0"
22447,https://api.naturkartan.se/22447,Käringsjövallen - Rogenstugan,Käringsjövallen - Rogenstugan 8.9 km,Härjedalen Municipality,vandringsled i Härjedalen kommun,"8.9"
22441,https://api.naturkartan.se/22441,Bustvålen - Rogenstugan,Bustvålen - Rogenstugan 14.5 km,Härjedalen Municipality,vandringsled i Härjedalen kommun,"14.5"
21938,https://api.naturkartan.se/21938,"Siljansleden, Skräddar-Djurberga till Gammeldammen","Siljansleden, Skräddar-Djurberga till Gammeldammen 14.7 km",Orsa Municipality,vandringsled i Orsa kommun,"14.7"
21937,https://api.naturkartan.se/21937,"Siljansleden, Höghed till Skräddar-Djurberga","Siljansleden, Höghed till Skräddar-Djurberga 17.6 km",Orsa Municipality,vandringsled i Orsa kommun,"17.6"
21936,https://api.naturkartan.se/21936,"Siljansleden, Fryksås till Höghed","Siljansleden, Fryksås till Höghed 17.1 km",Orsa Municipality,vandringsled i Orsa kommun,"17.1"
21913,https://api.naturkartan.se/21913,"Säverstaberget - Bolleberget, Hälsingeleden","Säverstaberget - Bolleberget, Hälsingeleden 6.3 km",Bollnäs Municipality,vandringsled i Bollnäs kommun,"6.3"
21912,https://api.naturkartan.se/21912,"Skajet - Säverstaberget, Hälsingeleden","Skajet - Säverstaberget, Hälsingeleden 6.5 km",Bollnäs Municipality,vandringsled i Bollnäs kommun,"6.5"
21911,https://api.naturkartan.se/21911,"Prästvallen - Harsagården, Hälsingeleden","Prästvallen - Harsagården, Hälsingeleden 10.5 km",Ljusdal Municipality,vandringsled i Ljusdal kommun,"10.5"
21909,https://api.naturkartan.se/21909,"Nyfors - Acktjärbo, Hälsingeleden","Nyfors - Acktjärbo, Hälsingeleden 7.4 km",Bollnäs Municipality,vandringsled i Bollnäs kommun,"7.4"
21908,https://api.naturkartan.se/21908,"Nybodarna - Gammelbodarna, Hälsingeleden","Nybodarna - Gammelbodarna, Hälsingeleden 6.0 km",Bollnäs Municipality,vandringsled i Bollnäs kommun,"6.0"
21903,https://api.naturkartan.se/21903,"Hällbo - Bergsänget, Hälsingeleden","Hällbo - Bergsänget, Hälsingeleden 6.5 km",Bollnäs Municipality,vandringsled i Bollnäs kommun,"6.5"
21902,https://api.naturkartan.se/21902,"Hårgbodarna - Nybodarna, Hälsingeleden","Hårgbodarna - Nybodarna, Hälsingeleden 7.6 km",Bollnäs Municipality,vandringsled i Bollnäs kommun,"7.6"
21901,https://api.naturkartan.se/21901,"Gammelbodarna - Lötbodarna, Hälsingeleden","Gammelbodarna - Lötbodarna, Hälsingeleden 5.7 km",Bollnäs Municipality,vandringsled i Bollnäs kommun,"5.7"
21899,https://api.naturkartan.se/21899,"Gammelbodarna - Hällbo, Hälsingeleden","Gammelbodarna - Hällbo, Hälsingeleden 6.8 km",Bollnäs Municipality,vandringsled i Bollnäs kommun,"6.8"
21877,https://api.naturkartan.se/21877,"Åsengården till Sollerö kyrka, Romboleden","Åsengården till Sollerö kyrka, Romboleden 15.9 km",Mora Municipality,vandringsled i Mora kommun,"15.9"
21875,https://api.naturkartan.se/21875,"Evertsbergs kapell - Älvdalens kyrka, Romboleden","Evertsbergs kapell - Älvdalens kyrka, Romboleden 12.9 km",Älvdalen Municipality,vandringsled i Älvdalen kommun,"12.9"
21866,https://api.naturkartan.se/21866,"Siljansleden, Mora till Risberget","Siljansleden, Mora till Risberget 16.7 km",Mora Municipality,vandringsled i Mora kommun,"16.7"
21863,https://api.naturkartan.se/21863,"Siljansleden, Mångberg till Siljansfors","Siljansleden, Mångberg till Siljansfors 18.1 km",Mora Municipality,vandringsled i Mora kommun,"18.1"
21860,https://api.naturkartan.se/21860,"Siljansleden, Siljansfors till Fulåberg","Siljansleden, Siljansfors till Fulåberg 9.0 km",Mora Municipality,vandringsled i Mora kommun,"9.0"
21857,https://api.naturkartan.se/21857,"Siljansleden, Fulåberg till Norra Garberg","Siljansleden, Fulåberg till Norra Garberg 17.4 km",Mora Municipality,vandringsled i Mora kommun,"17.4"
21853,https://api.naturkartan.se/21853,"Siljansleden, Norra Garberg till Björka","Siljansleden, Norra Garberg till Björka 16.1 km",Mora Municipality,vandringsled i Mora kommun,"16.1"
21851,https://api.naturkartan.se/21851,"Siljansleden, Björka till Nybron","Siljansleden, Björka till Nybron 13.9 km",Mora Municipality,vandringsled i Mora kommun,"13.9"
21780,https://api.naturkartan.se/21780,"Byvallen - Prästvallen, Hälsingeleden","Byvallen - Prästvallen, Hälsingeleden 7.4 km",Bollnäs Municipality,vandringsled i Bollnäs kommun,"7.4"
21779,https://api.naturkartan.se/21779,"Bolleberget - Bergebo, Hälsingeleden","Bolleberget - Bergebo, Hälsingeleden 5.4 km",Bollnäs Municipality,vandringsled i Bollnäs kommun,"5.4"
21777,https://api.naturkartan.se/21777,"Bergsänget - Skajet, Hälsingeleden","Bergsänget - Skajet, Hälsingeleden 6.3 km",Bollnäs Municipality,vandringsled i Bollnäs kommun,"6.3"
21776,https://api.naturkartan.se/21776,"Bergefors - Nyfors, Hälsingeleden","Bergefors - Nyfors, Hälsingeleden 5.3 km",Bollnäs Municipality,vandringsled i Bollnäs kommun,"5.3"
21775,https://api.naturkartan.se/21775,Anslutning Acktjärbo-Arbrå sporthall,Anslutning Acktjärbo-Arbrå sporthall 7.5 km,Ovanåker Municipality,vandringsled i Ovanåker kommun,"7.5"
21664,https://api.naturkartan.se/21664,"Solanderleden, Åkerbärsröd","Solanderleden, Åkerbärsröd 43.3 km",Luleå Municipality,vandringsled i Luleå kommun,"43.3"
21663,https://api.naturkartan.se/21663,"Solanderleden, Orange","Solanderleden, Orange 49.6 km",Piteå Municipality,vandringsled i Piteå kommun,"49.6"
21662,https://api.naturkartan.se/21662,"Solanderleden, Ljusorange","Solanderleden, Ljusorange 18.8 km",Luleå Municipality,vandringsled i Luleå kommun,"18.8"
21661,https://api.naturkartan.se/21661,"Solanderleden, Gul","Solanderleden, Gul 18.9 km",Piteå Municipality,vandringsled i Piteå kommun,"18.9"
21660,https://api.naturkartan.se/21660,"Solanderleden, Grön","Solanderleden, Grön 22.1 km",Piteå Municipality,vandringsled i Piteå kommun,"22.1"
21659,https://api.naturkartan.se/21659,"Solanderleden, Blå","Solanderleden, Blå 24.3 km",Piteå Municipality,vandringsled i Piteå kommun,"24.3"
21658,https://api.naturkartan.se/21658,"Solanderleden, Röd","Solanderleden, Röd 44.6 km",Piteå Municipality,vandringsled i Piteå kommun,"44.6"
21532,https://api.naturkartan.se/21532,Flottarstigen och Fiskestigen,Flottarstigen och Fiskestigen 30.9 km,Robertsfors Municipality,vandringsled i Robertsfors kommun,"30.9"
21244,https://api.naturkartan.se/21244,"Borgsjö - Länsgränsen, vandring","Borgsjö - Länsgränsen, vandring 21.5 km",Ånge Municipality,vandringsled i Ånge kommun,"21.5"
21241,https://api.naturkartan.se/21241,Fränsta - Borgsjö,Fränsta - Borgsjö 17.6 km,Ånge Municipality,vandringsled i Ånge kommun,"17.6"
21240,https://api.naturkartan.se/21240,"Torpet–Nattsjöstugan–Dainanäs, Urskogsleden","Torpet–Nattsjöstugan–Dainanäs, Urskogsleden 28.7 km",Vilhelmina Municipality,vandringsled i Vilhelmina kommun,"28.7"
21239,https://api.naturkartan.se/21239,Stöde - Fränsta,Stöde - Fränsta 28.0 km,Sundsvall Municipality,vandringsled i Sundsvall kommun,"28.0"
21238,https://api.naturkartan.se/21238,"Dainabäcken–Dainanäs, Urskogsleden","Dainabäcken–Dainanäs, Urskogsleden 6.0 km",Vilhelmina Municipality,vandringsled i Vilhelmina kommun,"6.0"
21196,https://api.naturkartan.se/21196,"Nälden - Alsen, vandring","Nälden - Alsen, vandring 19.2 km",Krokom Municipality,vandringsled i Krokom kommun,"19.2"
20494,https://api.naturkartan.se/20494,"Siljansleden, Rättvik kommun","Siljansleden, Rättvik kommun 340.0 km",Orsa Municipality,vandringsled i Orsa kommun,"340.0"
20443,https://api.naturkartan.se/20443,"Etapp 7, Köpmanholmen - Örnsköldsvik, Höga Kusten-leden","Etapp 7, Köpmanholmen - Örnsköldsvik, Höga Kusten-leden 31.6 km",Örnsköldsvik Municipality,vandringsled i Örnsköldsvik kommun,"31.6"
20440,https://api.naturkartan.se/20440,"Etapp 6, Skuleberget - Köpmanholmen, Höga Kusten-leden","Etapp 6, Skuleberget - Köpmanholmen, Höga Kusten-leden 24.2 km",Kramfors Municipality,vandringsled i Kramfors kommun,"24.2"
20438,https://api.naturkartan.se/20438,"Etapp 5 Ullånger - Skuleberget, Höga Kusten-leden","Etapp 5 Ullånger - Skuleberget, Höga Kusten-leden 20.8 km",Kramfors Municipality,vandringsled i Kramfors kommun,"20.8"
20437,https://api.naturkartan.se/20437,"Etapp 4, Lappudden - Ullånger, Höga Kusten-leden","Etapp 4, Lappudden - Ullånger, Höga Kusten-leden 14.6 km",Kramfors Municipality,vandringsled i Kramfors kommun,"14.6"
20436,https://api.naturkartan.se/20436,"Etapp 3, Gavik - Lappudden, Höga Kusten-leden","Etapp 3, Gavik - Lappudden, Höga Kusten-leden 9.4 km",Kramfors Municipality,vandringsled i Kramfors kommun,"9.4"
20434,https://api.naturkartan.se/20434,"Etapp 2, Lövvik - Gavik, Höga Kusten-leden","Etapp 2, Lövvik - Gavik, Höga Kusten-leden 23.7 km",Kramfors Municipality,vandringsled i Kramfors kommun,"23.7"
20433,https://api.naturkartan.se/20433,"Etapp 1, Hornöberget - Lövvik, Höga Kusten-leden","Etapp 1, Hornöberget - Lövvik, Höga Kusten-leden 11.0 km",Kramfors Municipality,vandringsled i Kramfors kommun,"11.0"
20279,https://api.naturkartan.se/20279,Flötningen - Drevdagen,Flötningen - Drevdagen 15.9 km,Älvdalen Municipality,vandringsled i Älvdalen kommun,"15.9"
19937,https://api.naturkartan.se/19937,"Fryksås-Orsa, Siljansleden","Fryksås-Orsa, Siljansleden 17.7 km",Orsa Municipality,vandringsled i Orsa kommun,"17.7"
19936,https://api.naturkartan.se/19936,"Tammeråsen-Rättvik, Siljansleden","Tammeråsen-Rättvik, Siljansleden 18.3 km",Rättvik Municipality,vandringsled i Rättvik kommun,"18.3"
19935,https://api.naturkartan.se/19935,"Brunnvasselbodarna-Tammeråsen, Siljansleden","Brunnvasselbodarna-Tammeråsen, Siljansleden 9.9 km",Mora Municipality,vandringsled i Mora kommun,"9.9"
19934,https://api.naturkartan.se/19934,"Orsa (Orsa kyrka)-Brunnvasselbodarna, Siljansleden","Orsa (Orsa kyrka)-Brunnvasselbodarna, Siljansleden 14.0 km",Orsa Municipality,vandringsled i Orsa kommun,"14.0"
19771,https://api.naturkartan.se/19771,"S:t Olavsleden, vandring","S:t Olavsleden, vandring 580.4 km",Sundsvall Municipality,vandringsled i Sundsvall kommun,"580.4"
19014,https://api.naturkartan.se/19014,"Svartbergs fäbodar - Korskälla, Romboleden","Svartbergs fäbodar - Korskälla, Romboleden 18.0 km",Älvdalen Municipality,vandringsled i Älvdalen kommun,"18.0"
19013,https://api.naturkartan.se/19013,"Göransbodarna - Svartbergs fäbodar, Romboleden","Göransbodarna - Svartbergs fäbodar, Romboleden 20.7 km",Älvdalen Municipality,vandringsled i Älvdalen kommun,"20.7"
19012,https://api.naturkartan.se/19012,"Älvdalens kyrka - Göransbodarna, Romboleden","Älvdalens kyrka - Göransbodarna, Romboleden 20.0 km",Älvdalen Municipality,vandringsled i Älvdalen kommun,"20.0"
18857,https://api.naturkartan.se/18857,Tvåälvsleden,Tvåälvsleden 26.3 km,Vindeln Municipality,vandringsled i Vindeln kommun,"26.3"
17928,https://api.naturkartan.se/17928,Rannsundet - Rändåfallet,Rannsundet - Rändåfallet 24.1 km,Härjedalen Municipality,vandringsled i Härjedalen kommun,"24.1"
16967,https://api.naturkartan.se/16967,Bynäset runt,Bynäset runt 7.0 km,Östersund Municipality,vandringsled i Östersund kommun,"7.0"
16714,https://api.naturkartan.se/16714,"Björnspåret, Åmot","Björnspåret, Åmot 5.9 km",Ockelbo Municipality,vandringsled i Ockelbo kommun,"5.9"
16711,https://api.naturkartan.se/16711,Rönnåsslingan,Rönnåsslingan 5.2 km,Ockelbo Municipality,vandringsled i Ockelbo kommun,"5.2"
16709,https://api.naturkartan.se/16709,Häståsslingan,Häståsslingan  13.8 km,Ockelbo Municipality,vandringsled i Ockelbo kommun,"13.8"
16571,https://api.naturkartan.se/16571,"Oxberg kapell till Evertsberg kapell, Romboleden","Oxberg kapell till Evertsberg kapell, Romboleden 12.8 km",Mora Municipality,vandringsled i Mora kommun,"12.8"
16548,https://api.naturkartan.se/16548,"Mora kyrka till Oxberg kapell, Romboleden","Mora kyrka till Oxberg kapell, Romboleden 32.2 km",Mora Municipality,vandringsled i Mora kommun,"32.2"
16544,https://api.naturkartan.se/16544,"Lillhärjån - Häggingån, Romboleden","Lillhärjån - Häggingån, Romboleden 8.0 km",Härjedalen Municipality,vandringsled i Härjedalen kommun,"8.0"
16543,https://api.naturkartan.se/16543,"Lövnäsvallen - Lofsdalen, Romboleden","Lövnäsvallen - Lofsdalen, Romboleden 53.0 km",Härjedalen Municipality,vandringsled i Härjedalen kommun,"53.0"
16539,https://api.naturkartan.se/16539,"Häggingån - Rombovallen, Romboleden","Häggingån - Rombovallen, Romboleden 15.8 km",Härjedalen Municipality,vandringsled i Härjedalen kommun,"15.8"
15990,https://api.naturkartan.se/15990,"Sollerö kyrka-Mora kyrka, Romboleden","Sollerö kyrka-Mora kyrka, Romboleden 15.0 km",Mora Municipality,vandringsled i Mora kommun,"15.0"
15913,https://api.naturkartan.se/15913,"Korskälla - Lövnäsvallen, Romboleden","Korskälla - Lövnäsvallen, Romboleden 50.5 km",Härjedalen Municipality,vandringsled i Härjedalen kommun,"50.5"
14952,https://api.naturkartan.se/14952,"Viterskalsstugan - Hemavan, Kungsleden","Viterskalsstugan - Hemavan, Kungsleden 10.0 km",Storuman Municipality,vandringsled i Storuman kommun,"10.0"
14951,https://api.naturkartan.se/14951,"Servestugan - Tärnasjöstugorna, Kungsleden","Servestugan - Tärnasjöstugorna, Kungsleden 14.0 km",Sorsele Municipality,vandringsled i Sorsele kommun,"14.0"
14950,https://api.naturkartan.se/14950,"Aigertstugan - Servestugan, Kungsleden","Aigertstugan - Servestugan, Kungsleden 20.0 km",Sorsele Municipality,vandringsled i Sorsele kommun,"20.0"
14946,https://api.naturkartan.se/14946,"Länsgränsen - Rävfallsstugan, Kungsleden","Länsgränsen - Rävfallsstugan, Kungsleden 14.0 km",Sorsele Municipality,vandringsled i Sorsele kommun,"14.0"
14684,https://api.naturkartan.se/14684,Ramundberget - Giertebåvne,Ramundberget - Giertebåvne 63.0 km,Berg Municipality,vandringsled i Berg kommun,"63.0"
14637,https://api.naturkartan.se/14637,Lussifjället - Ransundet,Lussifjället - Ransundet 16.6 km,Härjedalen Municipality,vandringsled i Härjedalen kommun,"16.6"
14636,https://api.naturkartan.se/14636,"Lofsdalen - Rändåfallet, Romboleden","Lofsdalen - Rändåfallet, Romboleden 115.0 km",Härjedalen Municipality,vandringsled i Härjedalen kommun,"115.0"
14307,https://api.naturkartan.se/14307,"Milstenshogna - Lillhärjån, Romboleden","Milstenshogna - Lillhärjån, Romboleden 8.1 km",Härjedalen Municipality,vandringsled i Härjedalen kommun,"8.1"
14049,https://api.naturkartan.se/14049,"Rävfallsstugan - Ammarnäs, Kungsleden","Rävfallsstugan - Ammarnäs, Kungsleden 21.0 km",Sorsele Municipality,vandringsled i Sorsele kommun,"21.0"
14048,https://api.naturkartan.se/14048,"Ammarnäs - Aigertstugan, Kungsleden","Ammarnäs - Aigertstugan, Kungsleden 8.0 km",Sorsele Municipality,vandringsled i Sorsele kommun,"8.0"
14046,https://api.naturkartan.se/14046,"Syterstugan - Viterskalsstugan, Kungsleden","Syterstugan - Viterskalsstugan, Kungsleden 12.0 km",Storuman Municipality,vandringsled i Storuman kommun,"12.0"
14045,https://api.naturkartan.se/14045,"Tärnasjöstugorna - Syterstugan, Kungsleden","Tärnasjöstugorna - Syterstugan, Kungsleden 14.0 km",Storuman Municipality,vandringsled i Storuman kommun,"14.0"
13951,https://api.naturkartan.se/13951,Vindelvaggileden,Vindelvaggileden 51.3 km,Sorsele Municipality,vandringsled i Sorsele kommun,"51.3"
13535,https://api.naturkartan.se/13535,Nysjöleden (Linghed-Nysjöns fäbod),Nysjöleden (Linghed-Nysjöns fäbod) 22.0 km,Falun Municipality,vandringsled i Falun kommun,"22.0"
13528,https://api.naturkartan.se/13528,Pilgrimsleden,Pilgrimsleden 23.0 km,Falun Municipality,"vandringsled i Falun kommun, går från Yttertänger till Björnås","23.0"
13514,https://api.naturkartan.se/13514,Kurberget- Alderbacka fäbod- Spjärshällen,Kurberget- Alderbacka fäbod- Spjärshällen 7.0 km,Falun Municipality,vandringsled i Falun kommun,"7.0"
12914,https://api.naturkartan.se/12914,"Adolfström - länsgränsen, Kungsleden","Adolfström - länsgränsen, Kungsleden 32.0 km",Arjeplog Municipality,vandringsled i Arjeplog kommun,"32.0"
12913,https://api.naturkartan.se/12913,"Jäckvik - Adolfström, Kungsleden","Jäckvik - Adolfström, Kungsleden 22.0 km",Arjeplog Municipality,vandringsled i Arjeplog kommun,"22.0"
12905,https://api.naturkartan.se/12905,"Piteälven-Jäckvik, Kungsleden","Piteälven-Jäckvik, Kungsleden 55.5 km",Arjeplog Municipality,vandringsled i Arjeplog kommun,"55.5"
12904,https://api.naturkartan.se/12904,"Kvikkjokk - Piteälven, Kungsleden","Kvikkjokk - Piteälven, Kungsleden 34.0 km",Jokkmokk Municipality,vandringsled i Jokkmokk kommun,"34.0"
12896,https://api.naturkartan.se/12896,"Pårte - Kvikkjokk, Kungsleden","Pårte - Kvikkjokk, Kungsleden 17.0 km",Jokkmokk Municipality,vandringsled i Jokkmokk kommun,"17.0"
12895,https://api.naturkartan.se/12895,"Aktse - Pårte, Kungsleden","Aktse - Pårte, Kungsleden 23.0 km",Jokkmokk Municipality,vandringsled i Jokkmokk kommun,"23.0"
12893,https://api.naturkartan.se/12893,"Sitojaure - Aktse, Kungsleden","Sitojaure - Aktse, Kungsleden 11.5 km",Jokkmokk Municipality,vandringsled i Jokkmokk kommun,"11.5"
12892,https://api.naturkartan.se/12892,"Saltoluokta-Sitojaure, Kungsleden","Saltoluokta-Sitojaure, Kungsleden 19.0 km",Jokkmokk Municipality,vandringsled i Jokkmokk kommun,"19.0"
12656,https://api.naturkartan.se/12656,Svärmorsleden Björnlandets nationalpark,Svärmorsleden Björnlandets nationalpark 12.0 km,Åsele Municipality,vandringsled i Åsele kommun,"12.0"
12654,https://api.naturkartan.se/12654,Guldbäcksleden Björnlandets nationalpark,Guldbäcksleden Björnlandets nationalpark 7.0 km,Åsele Municipality,vandringsled i Åsele kommun,"7.0"
12653,https://api.naturkartan.se/12653,Björnlandsleden Björnlandets nationalpark,Björnlandsleden Björnlandets nationalpark 6.3 km,Åsele Municipality,vandringsled i Åsele kommun,"6.3"
12564,https://api.naturkartan.se/12564,Vännforsleden och Långforsens strövområde,Vännforsleden och Långforsens strövområde 11.1 km,Vännäs Municipality,vandringsled i Vännäs kommun,"11.1"
12552,https://api.naturkartan.se/12552,Tavelsjöleden,Tavelsjöleden 39.0 km,Umeå Municipality,vandringsled i Umeå kommun,"39.0"
12509,https://api.naturkartan.se/12509,"Tempelleden, Lögdeälvsleden och Lögdeälvens vildmarksled","Tempelleden, Lögdeälvsleden och Lögdeälvens vildmarksled 117.2 km",Nordmaling Municipality,vandringsled i Nordmaling kommun,"117.2"
12323,https://api.naturkartan.se/12323,"Drottningleden, Laisaliden–Hemavan","Drottningleden, Laisaliden–Hemavan 9.0 km",Storuman Municipality,vandringsled i Storuman kommun,"9.0"
10293,https://api.naturkartan.se/10293,Öreälvsleden,Öreälvsleden 150.0 km,Lycksele Municipality,vandringsled i Lycksele kommun,"150.0"
5586,https://api.naturkartan.se/5586,Hälsans stig - Östersund,Hälsans stig - Östersund 6.9 km,Östersund Municipality,vandringsled i Östersund kommun,"6.9"
4574,https://api.naturkartan.se/4574,Hälsans stig - Kalix,Hälsans stig - Kalix 5.2 km,Kalix Municipality,vandringsled i Kalix kommun,"5.2"
4455,https://api.naturkartan.se/4455,"Atjiken – Torpet, Urskogsleden","Atjiken – Torpet, Urskogsleden 18.0 km",Vilhelmina Municipality,vandringsled i Vilhelmina kommun,"18.0"
3447,https://api.naturkartan.se/3447,Hälsans stig - Örnsköldsvik,Hälsans stig - Örnsköldsvik 7.0 km,Örnsköldsvik Municipality,vandringsled i Örnsköldsvik kommun,"7.0"
3444,https://api.naturkartan.se/3444,Hälsans stig - Sollefteå,Hälsans stig - Sollefteå 5.1 km,Sollefteå Municipality,vandringsled i Sollefteå kommun,"5.1"
3442,https://api.naturkartan.se/3442,Hälsans stig - Umeå,Hälsans stig - Umeå 9.8 km,Umeå Municipality,vandringsled i Umeå kommun,"9.8"
3440,https://api.naturkartan.se/3440,Hälsans stig - Storuman,Hälsans stig - Storuman 6.6 km,Storuman Municipality,vandringsled i Storuman kommun,"6.6"
3439,https://api.naturkartan.se/3439,Hälsans stig - Skellefteå,Hälsans stig - Skellefteå 7.0 km,Skellefteå Municipality,vandringsled i Skellefteå kommun,"7.0"
3438,https://api.naturkartan.se/3438,Hälsans stig - Lycksele,Hälsans stig - Lycksele 6.9 km,Lycksele Municipality,vandringsled i Lycksele kommun,"6.9"
710,https://api.naturkartan.se/710,Bjurälven vandringsled,Bjurälven vandringsled 7.3 km,Strömsund Municipality,vandringsled i Strömsund kommun,"7.3"
